"STID","STNM","MONTH","YEAR","RELH","TAIR","WSPD","WVEC","WDIR","WDSD","WSSD","WMAX","RAIN","PRES","SRAD","TA9M","WS2M","TS10","TB10","TS05","TB05","TS30","TR05","TR25","TR60","TR75"
"FORA",38,"06","1996",71.7292824074074,NA,3.61994209612044,3.56096064814815,181.312962962963,10.0174537037037,0.592349537037037,5.00777777777778,67.32,975.574002314815,286.304050925926,24.3247106481481,2.34407917583054,21.9320138888889,26.8128819444444,20.9672222222222,27.4355555555556,20.9127430555556,NA,NA,NA,NA
"FORA",38,"07","1996",68.4055779569892,NA,3.5317876344086,3.45497311827957,139.413866487455,10.9885080645161,0.625728046594982,4.9938732078853,44.72,976.112298387097,256.926859318996,26.062063172043,2.2707773297491,24.3898857526882,28.5243279569892,23.3521169354839,28.990188172043,23.516935483871,NA,NA,NA,NA
"FORA",38,"08","1996",75.2682571684588,NA,3.39913754480287,3.33314292114695,139.665098566308,10.053416218638,0.564045698924731,4.69733422939068,83.54,978.243948252688,227.024417562724,24.6883955600404,2.21823476702509,23.7386088709677,27.2158602150538,22.5542338709677,27.5167338709677,23.2998991935484,NA,NA,NA,NA
"FORA",38,"09","1996",74.8535482374768,NA,3.35716604823748,3.29352968460111,158.147959183673,9.76948051948052,0.561444805194805,4.65954313543599,203.71,975.34564703154,179.667787569573,19.7242722950249,2.1948167903525,19.6304105775922,21.2848643006263,18.1908837856646,21.1283924843424,20.055462769659,NA,NA,NA,NA
"FORA",38,"10","1996",70.0329977628635,NA,5.0436129753915,4.97846756152125,161.332662192394,8.55630872483222,0.733434004474273,6.77425055928412,75.19,977.249676733781,163.661073825503,14.6241722595078,3.52608501118568,14.8793288590604,15.5574832214765,13.3614765100671,15.2170469798658,15.6406375838926,NA,NA,NA,NA
"FORA",38,"11","1996",77.0734953703704,NA,4.605,4.53690972222222,134.067939814815,9.25570601851852,0.721145833333333,6.31206018518519,121.91,980.809201388889,88.5064814814815,5.42853009259259,3.34928240740741,8.12454861111111,7.16583333333333,6.44951388888889,6.400625,9.61190972222222,NA,NA,NA,NA
"FORA",38,"12","1996",70.2698911457749,NA,4.5462125462911,4.49776680507238,202.223656155314,7.44180226686118,0.596206935248569,5.93179216698463,6.6,977.265235155461,101.645494332847,3.09068566939737,3.02204017506453,4.24281386738472,3.31726691349714,2.62608549309997,2.63211040053854,5.63924604510266,1.71092391304348,1.5672602739726,1.54004566210046,1.56442922374429
"FORA",38,"01","1997",68.1864919354839,NA,4.63755600358423,4.58351254480287,183.746975806452,7.9146729390681,0.621449372759857,6.10240815412186,7.86,980.443477822581,107.408602150538,0.150963261648746,3.32281586021505,3.63047715053763,3.69949596774194,2.94175749318801,3.06162634408602,4.82560483870968,1.71424757281553,1.58023553162853,1.54331989247312,1.56243279569892
"FORA",38,"02","1997",75.9200794241747,10.8045454545455,4.17697939935468,4.11458178207992,142.630553487218,9.45457930007446,0.641188880615537,5.68445023579052,107.44,981.394324190145,117.857905187391,4.35044676098287,2.99055596922313,4.9384729981378,5.30975791433892,NA,4.96171322160149,5.46409683426443,1.75671307037896,1.59492926284438,1.54734921816828,1.56371556217424
"FORA",38,"03","1997",60.9769084183388,10.0852363309756,5.24342562492994,5.16470126667414,162.776370362067,8.5635130590741,0.733393117363524,6.96988005828943,30.21,978.695314426634,201.660688263648,10.1154260089686,3.96532899899114,8.57998654557686,9.51678439286916,NA,9.37463841237807,8.57961654894046,1.63748317631225,1.56435397039031,1.52035666218035,1.54090847913863
"FORA",38,"04","1997",64.8072554473806,12.0732267037552,4.96488178025035,4.89845850718591,166.648006490496,8.82122160407974,0.722994900324525,6.66314325452017,92.7,975.569968706537,206.411335187761,11.9226703755216,3.97545201668985,11.7955146036161,12.4198887343533,NA,12.3124826147427,11.5277816411683,1.75242698191933,1.54098052851182,1.4942280945758,1.51936717663421
"FORA",38,"05","1997",66.8401570386988,18.0736287156478,4.57129556926528,4.49744251261918,149.796634885025,9.37589455973079,0.697790241166573,6.21693774537297,98.29,976.438794167134,279.442063937185,17.9855075715087,3.38520471116096,19.1433187478963,20.4715247391451,19.9860236220472,20.676607202962,17.9692359474924,2.38727272727273,1.68226262626263,1.49531986531987,1.5369494949495
"FORA",38,"06","1997",80.7739583333333,22.6536111111111,3.52790509259259,3.47043981481482,147.524768518519,9.56395833333333,0.559398148148148,4.82498842592593,182.62,973.64153587963,268.950694444444,22.6364814814815,2.35359416599143,22.6960416666667,25.1547916666667,21.6667708333333,25.5384375,21.7590277777778,1.82082638888889,1.70021527777778,1.52245833333333,1.554375
"FORA",38,"07","1997",81.0372983870968,25.4740367383513,3.48875448028674,3.43409498207885,147.886760752688,9.38446460573477,0.546236559139785,4.76544578853047,140.98,977.452242383512,276.21729390681,25.4778897849462,2.16095430107527,25.1879704301075,28.4324596774194,24.065625,28.9018817204301,24.3935147849462,1.78684811827957,1.56323252688172,1.49014112903226,1.50543010752688
"FORA",38,"08","1997",82.6673387096774,24.0244735663082,3.02463037634409,2.97575044802867,158.560371863799,9.16678987455197,0.488911290322581,4.15558915770609,117.34,977.820043682796,239.742047491039,24.0439292114695,1.52218862007168,23.9912298387097,26.2020833333333,22.7270161290323,26.3869959677419,23.6999663978495,2.15667338709677,1.90625,1.56728494623656,1.58047715053763
"FORA",38,"09","1997",76.6978475858057,21.8043630017452,3.49311227457824,3.43525305410122,139.909831297266,9.4178475858057,0.604397905759162,4.91227457824316,75.18,977.014147760326,200.02105875509,21.9213263525305,1.49773265229849,21.7658170391061,23.2129888268156,20.366969273743,23.1136522346369,21.9461941340782,2.66670859538784,2.28143256464011,1.82280223619846,1.68286512928022
"FORA",38,"10","1997",75.3350111856823,14.9457829977629,3.85029082774049,3.78963087248322,162.317897091723,9.05031319910515,0.646868008948546,5.37197986577181,79.49,977.114456375839,138.548545861298,15.2007494407159,1.69136465324385,16.3357382550336,16.876644295302,14.7456040268456,16.3906375838926,17.2839261744966,1.7681677852349,1.73714093959732,1.7778255033557,1.65065100671141
"FORA",38,"11","1997",74.7240740740741,6.1083912037037,3.77538194444444,3.7121412037037,185.260069444444,8.88415509259259,0.627337962962963,5.22994212962963,20.32,978.094478009259,95.755787037037,6.36498842592593,1.67207175925926,8.93520833333333,8.29631944444444,7.27256944444444,7.55809027777778,10.3184722222222,1.69420138888889,1.65854166666667,1.64247222222222,1.62313194444444
"FORA",38,"12","1997",79.629482973187,1.88997535842294,3.80125448028674,3.74335797491039,207.979502688172,8.63127240143369,0.613676075268817,5.23848566308244,91.71,977.333613351254,75.3233646953405,2.20159050179211,1.60948700716846,5.27815860215054,4.00110887096774,3.56686827956989,3.12113575268817,6.83595430107527,1.58733648010789,1.61166666666667,1.60097446236559,1.56141129032258
"FORA",38,"01","1998",82.1991487455197,2.60599238351254,3.8864023297491,3.82402553763441,139.903449820789,8.95316980286738,0.659554211469534,5.39867831541219,47.75,976.830714605735,75.2738575268817,2.72581765232975,1.80106406810036,4.81502016129032,4.43366935483871,3.29915994623656,3.85766129032258,5.80843413978495,1.52166067577283,1.55475806451613,1.53978494623656,1.53220430107527
"FORA",38,"02","1998",72.6054067460317,5.44804067460317,3.56087549603175,3.50452628968254,166.633060515873,8.39486607142857,0.605964781746032,4.96524057539682,0,973.719968998016,114.569816468254,5.74748263888889,1.75873015873016,6.26376488095238,6.67838541666667,4.8641369047619,6.27046130952381,6.82857142857143,1.53066964285714,1.54616071428571,1.5122619047619,1.51589285714286
"FORA",38,"03","1998",74.1389629973321,5.97897924845766,5.75488502523836,5.66901850813236,175.605945036455,9.30034772854739,0.914929893438026,7.91850813236119,17.53,975.441333707235,145.928996074033,5.9138530566461,3.31440269209198,7.04858585858586,7.80144781144781,5.71851851851852,7.50016835016835,7.42952861952862,1.58932867132867,1.54420094403237,1.49967633175995,1.50676331759946
"FORA",38,"04","1998",61.5188919796013,13.5345271210014,5.21937876680575,5.1320120537784,202.287668057487,9.47216040797404,0.776286509040334,7.02498840982847,101.34,973.633886184516,214.598052851182,13.4334260547056,3.08802735280482,12.431050069541,14.1621001390821,11.1789986091794,14.100173852573,12.4019819193324,1.49993741307371,1.50493045897079,1.46624478442281,1.46054937413074
"FORA",38,"05","1998",72.1763913824057,21.7514250448833,4.01297127468582,3.94860861759425,171.135210951526,9.53077872531418,0.613902603231598,5.44343581687612,162.56,971.942958931777,274.211400359066,21.6789272890485,2.37072486535009,19.076734006734,21.7862962962963,18.152962962963,22.0839393939394,18.020202020202,1.48960916442049,1.46982479784367,1.44619272237197,1.43153638814016
"FORA",38,"06","1998",70.3590277777778,24.7506944444444,5.22756744239898,5.15813657407407,163.865277777778,9.24645833333333,0.783524371888387,7.07899733703832,49.02,971.468677083333,286.433101851852,24.7795138888889,3.32444444444444,22.4164236111111,27.1229513888889,21.3380208333333,27.4496527777778,21.6556597222222,2.19093055555556,1.61324305555556,1.44197916666667,1.43172916666667
"FORA",38,"07","1998",76.3679192372406,26.9911385305665,3.1668536174986,3.11165451486259,129.272462142457,10.0193830622546,0.54443073471677,4.43918115535614,176.03,976.2446965788,282.794840157039,26.9299607403253,1.82408300616938,25.2753618310333,30.0709861999327,24.1386738471895,30.3535509929317,24.6010097610232,2.00870707070707,1.9766734006734,1.52049158249158,1.50606734006734
"FORA",38,"08","1998",66.3612418740193,26.7682694463125,2.86907644026003,2.80552566689083,158.271015467384,10.4752521856086,0.50191661062542,4.0368415153553,26.16,977.321238511544,265.066913248151,26.9157700067249,1.50152432190092,24.4923335574983,29.4946872898453,23.2348688634835,29.7904841963685,24.1922999327505,2.91690235690236,3.28123905723906,2.41174410774411,1.73824242424242
"FORA",38,"09","1998",67.6978925428439,25.1237378415933,3.43273506252895,3.36732283464567,133.120426123205,10.1795622973599,0.592693376563224,4.82931912922649,137.67,974.251955766559,205.312876331635,25.1215261695229,1.98415933302455,23.2945119833275,26.1640152830844,21.9955192775269,26.1582493921501,23.1931573463008,2.33818624044475,2.47403752605976,3.09701876302988,2.75457261987491
"FORA",38,"10","1998",75.6351762188943,15.8181511091093,3.89763540141876,3.83624591825245,155.319671208197,9.18349284990429,0.603670757797545,5.31818488908907,209.02,979.70221596667,141.550838869497,15.9897646661412,2.31281387231168,16.5532339993227,16.7103623433796,14.9454453098544,16.1490348797833,17.5104639349814,1.56004051316678,1.55606347062795,1.59748818365969,1.6554490209318
"FORA",38,"11","1998",75.2463145676146,10.760615206036,4.42468949506674,4.36715031921068,172.75252466628,8.3254439930354,0.641775972141614,5.93002901915264,103.11,977.993279164248,94.1571677307023,10.9469994196169,2.74374927452118,11.4332404181185,10.7805226480836,9.8505574912892,10.1273170731707,12.5028222996516,1.5026290097629,1.52348675034868,1.50488145048815,1.54042538354254
"FORA",38,"12","1998",71.3488059199462,3.33058638860859,3.85341405987218,3.78859737638749,149.820159210674,9.08823859177038,0.558717344993833,5.15626191277049,39.89,982.885621706469,97.5514071084202,3.59873304182083,2.32534513274336,6.89905819038009,5.40430541540531,5.09471913891692,4.41422805247225,8.64241506895392,1.49567315834039,1.49818304172275,1.46864064602961,1.50818304172275
"FORA",38,"01","1999",75.3184363799283,1.43385976702509,4.45143313920292,4.38210574397625,156.071485668608,9.10073084389631,0.662863994518671,6.00932967911385,61.21,977.903390456989,88.2681451612903,1.43062275985663,3.00134297520661,3.62355510752688,2.44697580645161,2.10147849462366,1.73881048387097,4.76162634408602,1.57538370720189,1.50949596774194,1.46764784946237,1.49490591397849
"FORA",38,"02","1999",66.5431547619048,8.1913814484127,4.90829613095238,4.83234126984127,189.292162698413,9.37987351190476,0.717633928571429,6.58957093253968,52.57,977.509995039683,150.299851190476,8.19754464285714,3.15659722222222,7.41450892857143,8.003125,6.08072916666667,7.67061011904762,7.82451636904762,1.50870535714286,1.4952380952381,1.45824404761905,1.46741071428571
"FORA",38,"03","1999",66.7715053763441,7.66302643369176,4.78553987455197,4.70484991039427,130.98767921147,9.53421818996416,0.75255376344086,6.56549059139785,86.61,978.821084229391,168.970430107527,7.57767697132616,3.17296146953405,7.55897177419355,8.31041666666667,6.18185483870968,7.93563722184761,8.0721438172043,1.4851814516129,1.47818548387097,1.44737903225806,1.44600806451613
"FORA",38,"04","1999",68.8534807149577,15.2001411100659,5.6767991533396,5.59461429915334,184.197083725306,9.06738005644403,0.858254938852305,7.70348071495767,145.53,973.31917215428,207.109360301035,14.9640051740357,3.89106302916275,13.2300282286521,14.6041990119972,12.0770289343684,14.5392731122089,12.9209950599859,1.47803672316384,1.46982344632768,1.44591807909605,1.44232344632768
"FORA",38,"05","1999",72.0746603794768,18.9824070955428,4.36199618277759,4.28483215448524,171.165936903559,9.79070394072078,0.681935556304031,5.96062647356012,160.78,973.83795620438,254.376782306051,19.0051420231279,3.02255529358931,16.997943358058,19.0836142953473,15.8867498314228,19.1993594066082,16.5294335805799,1.59513513513514,1.59565540540541,1.58610135135135,1.54653378378378
"FORA",38,"06","1999",82.3299768518519,22.4638425925926,3.90793981481482,3.84231481481481,145.400578703704,10.0545138888889,0.628854166666667,5.39125,193.28,975.350664351852,242.606134259259,22.3572222222222,2.62357638888889,21.2182986111111,23.6072569444444,20.1367361111111,23.7355902777778,20.5658333333333,1.4645,1.47291666666667,1.46617361111111,1.45004166666667
"FORA",38,"07","1999",74.3648482132855,26.8005152906912,4.08500056009858,4.02911392405063,167.467906351518,8.57047160300213,0.582032037638624,5.44815727568052,86.11,976.887189425339,311.642657107651,26.9426122997648,2.57383219446623,24.310752688172,28.9590389784946,23.2283266129032,29.3889112903226,23.5930107526882,1.99831090174966,1.61419919246299,1.46627187079408,1.45341184387618
"FORA",38,"08","1999",67.9268205616373,26.415,3.0836387434555,3.0203950499762,124.333412660638,10.5732508329367,0.530128510233222,4.32640409328891,55.12,976.295491432651,275.55568776773,26.7035697287006,1.79848881485007,24.4329985652798,29.2194045911047,23.1213414634146,29.5360473457676,24.2512912482066,2.8123381294964,2.89264028776978,2.09605035971223,1.6949928057554
"FORA",38,"09","1999",74.012037037037,19.2410069444444,3.47309027777778,3.40444444444444,140.692824074074,9.90517361111111,0.581122685185185,4.84049768518519,151.63,977.317519675926,181.646412037037,19.4638773148148,2.04414351851852,19.7077083333333,20.8944444444444,18.1789930555556,20.4844791666667,20.3141319444444,2.16847222222222,2.41240277777778,3.03103472222222,2.45397916666667
"FORA",38,"10","1999",63.5740492170022,15.1904138702461,3.92042505592841,3.8510514541387,147.043064876957,9.34768456375839,0.605290827740492,5.34925055928412,49.27,979.892064876958,174.747427293065,15.5891163310962,2.29555928411633,15.0518117168981,15.5178462580427,13.4984422621063,15.0685743311886,15.8436505248899,1.98281208053691,1.85389932885906,1.79569127516779,2.09859731543624
"FORA",38,"11","1999",62.1584984358707,12.4001506198586,4.12776039856332,4.07036264627506,178.299038350133,7.98076700266481,0.576155717761557,5.48028038465995,3.81,981.015655196385,143.379214459506,12.9530645348164,2.45901981230448,12.288390684741,11.063086548488,10.694403892944,10.3487660757734,13.2521376433785,1.78098885793872,1.74439415041783,1.69986768802228,1.72781337047354
"FORA",38,"12","1999",69.7497478426538,4.67359632410624,4.56249019388098,4.49078785161941,176.058500504315,9.10734058052225,0.663498823265718,6.13113302700885,137.93,979.382529418357,103.217303597445,5.02788299899137,2.86681609324218,6.51180228648285,4.88053127101547,4.86802286482851,4.01398789509079,7.86361802286483,1.60264468371467,1.64664872139973,1.65377523553163,1.67279946164199
"FORA",38,"01","2000",70.8569017887276,2.43892451344358,3.83527955900551,3.77574530318371,161.127123410957,8.83309708628642,0.560557993025087,5.13881201484981,18.28,981.130529868377,101.60794240072,2.7422094723816,2.4084711441107,5.00202497468782,3.73955450556868,3.41997975025312,2.83550455619305,6.17607154910564,1.64288993923025,1.61064821066847,1.57654287643484,1.60700202565834
"FORA",38,"02","2000",65.8166485965546,7.28626671485363,4.93960968558005,4.86490784242862,186.505119865076,9.20936031803397,0.734092278038791,6.65865558366462,65.28,979.119721720275,151.90976990724,7.46889531381761,3.24857246114926,6.55417419588001,6.64672930972172,5.23075533068305,6.26100469822913,6.93805565594507,1.64007342143906,1.61285714285714,1.55015953589558,1.56307469180566
"FORA",38,"03","2000",71.9201170117012,10.1424729972997,4.45155265526553,4.38014176417642,148.365099009901,9.45295904590459,0.724977497749775,6.16826057605761,148.86,976.838117686769,164.949594959496,10.0992349234923,2.97729522952295,10.2780290246372,10.3987850151873,9.69760377995275,10.1175160310496,10.3728990887614,1.54150675675676,1.55493918918919,1.51246621621622,1.52156081081081
"FORA",38,"04","2000",66.2935416180928,14.3635579389135,4.96154115178363,4.87483096292842,181.999300536256,10.0176031709023,0.747027279086034,6.71407087899277,93.72,976.258914665423,241.039752856144,14.1773490324085,3.49185124737701,14.2107729975516,14.3929695697796,14.0286114025883,14.2998251136761,13.4471493529206,1.5073986013986,1.50669230769231,1.49245454545455,1.48182517482517
"FORA",38,"05","2000",76.7447477811482,20.55261206606,4.82107628356364,4.74712953600719,186.379283226604,9.57631726772273,0.727064374789349,6.53071564992697,160.27,972.279779800022,258.684305134255,20.5017189079879,3.37378946185822,19.9545669025952,20.9846983485002,19.8763397371082,21.1842601954837,18.4019548365352,1.54095077545516,1.48548887390425,1.4831894807822,1.46212407282535
"FORA",38,"06","2000",81.0813657407407,21.9713310185185,4.52476851851852,4.46070601851852,149.025115740741,9.41366898148148,0.688159722222222,6.13978009259259,268.72,976.64040625,254.4625,21.9971064814815,3.09039351851852,22.1055555555556,23.775,21.8503472222222,23.7807291666667,21.0752430555556,1.59180339462518,1.47552333804809,1.4746676096181,1.45080622347949
"FORA",38,"07","2000",77.3174532003139,25.4508911557,3.62671225198969,3.56877031722901,153.913350521242,9.46713372940253,0.558390314987109,4.93162201546912,51.31,976.180833987221,290.64409819527,25.7049321824908,2.29904719201883,24.6992263706694,28.5875210225362,24.4379078372015,28.8793138244198,23.6058526740666,2.02577673167451,1.77501681237391,1.49713517148621,1.48221250840619
"FORA",38,"08","2000",57.158810325477,28.6169696969697,4.04085297418631,3.9800785634119,184.194949494949,8.6150505050505,0.60320987654321,5.4610101010101,0.25,975.933351290685,283.480808080808,29.1265656565657,2.45510662177329,26.0517171717172,30.5854545454545,25.916531986532,31.1474410774411,24.6472053872054,3.42868686868687,3.21898316498317,2.36289562289562,1.78109764309764
"FORA",38,"09","2000",52.5638888888889,22.8845601851852,4.1196412037037,4.02829861111111,156.703125,10.4784490740741,0.708402777777778,5.79486111111111,13.46,975.954302083333,234.758217592593,23.2458680555556,2.59981481481482,22.8797222222222,25.4141666666667,22.5027083333333,25.3919097222222,22.8253472222222,3.73384722222222,3.84461805555556,3.80640277777778,2.99154166666667
"FORA",38,"10","2000",67.9847874720358,16.9154697986577,4.21032438478747,4.13625279642058,150.209843400447,9.82152125279642,0.673769574944072,5.80520134228188,120.65,980.708498881432,149.03836689038,17.1176957494407,2.77126398210291,17.5692617449664,18.4590604026846,17.1024161073825,18.0696644295302,18.1001006711409,2.80670469798658,3.26959060402685,3.70542953020134,3.60248322147651
"FORA",38,"11","2000",68.9574689998841,4.69291922586627,3.75578861977054,3.6973809247885,196.735079383474,8.93612237802758,0.564109398539808,5.06975315795573,44.45,979.190805423572,107.735079383474,5.15807161895932,2.43662069764747,8.59593326381647,7.55015641293014,7.75669099756691,6.37698992005561,10.8947862356621,1.68732962447844,1.65591098748261,1.69373435326843,2.19484700973574
"FORA",38,"12","2000",74.522265844083,-3.9460796410544,4.07638810992709,4.00954570947841,166.893774537297,9.51665731912507,0.643353897924846,5.59030846887269,14.48,984.902498037016,85.3607403252944,-3.690532809871,2.82553000560852,2.57442799461642,2.69751009421265,1.71557873485868,1.63149394347241,5.01211713227869,1.80021252796421,1.77629878869448,1.70596904441454,1.76316958277254
"FORA",38,"01","2001",73.847852898307,0.233490301603319,3.95837162719453,3.90556144691882,201.240721102863,8.18445858371627,0.549746671379757,5.24122776010369,64.26,981.953122547371,107.480659266734,0.726953694360354,2.59533404029692,2.46925664312143,2.2694248234107,1.84793138244198,1.4874873864783,3.90847628657921,1.64092165898618,1.68528263795424,1.68197846567968,1.67677658142665
"FORA",38,"02","2001",76.2424242424242,2.36819423745653,4.46553651266766,4.39242424242424,142.798807749627,9.43299801291605,0.687667660208644,6.08145802285147,101.08,981.2038065077,105.154247391952,2.55465722801788,3.08411574764034,4.42183308494784,4.12872578241431,3.91009687034277,3.43289865871833,5.2696348733234,1.62136833731106,1.6305737704918,1.60093889716841,1.60185543964233
"FORA",38,"03","2001",65.9176034172662,6.49594199640288,3.66080260791367,3.58121627697842,159.103642086331,10.629631294964,0.587218974820144,5.02763039568345,45.72,978.103125,172.860161870504,6.62307778776978,2.72736061151079,7.30613621038436,7.65492245448415,6.93951449763992,7.27370195549562,7.44126770060688,1.56726904922454,1.57728253540121,1.53893459204316,1.5514295347269
"FORA",38,"04","2001",62.9798767011748,17.6464867380177,6.08569268349424,6.01292311271374,187.244620216355,8.38428521577294,0.825950913109224,8.03816447597999,32,975.535984178688,220.346167267652,17.8943817610794,4.70245434453879,15.7727145847872,16.9998953244941,15.7714933705513,17.1625959525471,14.357641311933,1.6915690376569,1.56353556485356,1.51163179916318,1.52146443514644
"FORA",38,"05","2001",74.7190860215054,19.4915210573477,4.79984318996416,4.73263888888889,187.960573476703,8.76206317204301,0.687488799283154,6.4105958781362,144.78,974.639761424731,251.469982078853,19.7670698924731,3.3909837910851,19.8563172043011,21.7055779569892,19.7073924731183,21.7379704301075,18.7875336021505,1.94190860215054,1.78249327956989,1.5728561827957,1.62908602150538
"FORA",38,"06","2001",74.742253684577,23.2613206452362,4.40553556922363,4.33939886271324,159.17523500058,9.30987582685389,0.664384356504584,5.96773819194615,22.85,975.590104444702,292.651967041894,23.6507717303006,2.93108609886285,22.8032033426184,26.5620125348189,22.6512883008357,26.8017061281337,21.6942200557103,2.51277351916376,2.23557491289199,1.71150522648084,1.75165156794425
"FORA",38,"07","2001",63.3269791433057,29.0055063362117,4.24409060327428,4.16692083426777,164.865440681767,9.85054945054945,0.684021080959856,5.84617627270689,13.72,975.197585781565,293.790199596322,28.9943821484638,2.85081856918592,27.6073014804845,31.8848250336474,27.642799461642,32.3486541049798,25.8822341857335,3.64039703903096,3.78025572005384,3.25110869565217,2.94174293405114
"FORA",38,"08","2001",57.7620967741936,27.9631048387097,3.57942428315412,3.49254032258065,154.181339605735,11.4638440860215,0.642697132616487,5.06959005376344,18.29,976.686820116487,265.531810035842,27.9581989247312,2.35627240143369,27.5823924731183,30.9405241935484,27.4634408602151,31.1654905913978,26.6424059139785,3.66877016129032,3.88288978494624,NA,3.82470430107527
"FORA",38,"09","2001",66.2735399976779,21.0057819575061,3.34375943341461,3.25908510391269,139.54348078486,11.0863578311854,0.582805062115407,4.69339370718681,42.67,977.744882154882,213.177522349936,21.2650528271218,2.1540694299315,22.3125740160223,24.0969348659004,21.9159177986764,24.2287008011146,22.4867990247301,2.82277158774373,3.48838440111421,NA,3.8216295264624
"FORA",38,"10","2001",61.0366004266307,15.1442236443247,4.93314247221287,4.85420455821264,187.765353093073,8.99625014033906,0.730414280902661,6.65454137195464,61.21,978.042269001909,174.267317839901,15.5333221062086,3.31727854496463,15.875429726997,16.3823727671048,15.5446579036063,16.4159083249073,16.637984496124,2.1157354925776,2.22790148448043,3.73916666666667,3.77234817813765
"FORA",38,"11","2001",69.6825231481481,11.42125,4.32984953703704,4.2634837962963,170.496643518519,8.84953703703704,0.630451388888889,5.804375,20.57,979.613409722222,104.367361111111,11.8438194444444,2.88899305555556,12.64125,12.3997222222222,12.3479166666667,12.2130902777778,13.7011111111111,1.94619444444444,2.18167361111111,3.72275694444444,3.71811111111111
"FORA",38,"12","2001",65.9530689964158,4.61875,4.35384184587814,4.29178987455197,200.513888888889,8.44641577060932,0.604065860215054,5.77273745519713,23.86,978.763282930107,96.5333781362007,5.23185483870968,2.88615591397849,6.51451612903226,5.76754032258065,6.203125,5.40356182795699,8.15315860215054,1.8480406779661,1.95675403225806,3.72096774193548,3.71685483870968
"FORA",38,"01","2002",60.3269446312486,2.7623739071957,4.69532564287431,4.63826003364576,191.694664744052,7.81619802931988,0.618409036289354,6.15282384042298,5.08,978.69607375028,108.444295001121,3.27929836359561,3.12924777697669,3.5577000672495,3.26768661735037,3.33887020847344,3.12474781439139,4.82131809011432,1.9330471771075,1.91163416274378,3.65872898453262,3.70905178211163
"FORA",38,"02","2002",60.277688004972,3.82370416407707,4.84315926468196,4.78802667968115,200.684479020533,7.50354546613952,0.658223523670083,6.37945339189849,16.01,982.13215537601,157.917464263518,4.14835301429459,3.54871827573014,5.02188665175242,4.90525727069351,4.76715137956749,4.84425801640567,5.89858314690529,1.66970938897168,1.66908345752608,1.88855439642325,1.67757078986587
"FORA",38,"03","2002",59.616935483871,6.93786962365591,5.80724686379928,5.73303091397849,158.625224014337,8.52765456989247,0.834173387096774,7.76176075268817,18.53,978.061053987455,193.520161290323,7.06913082437276,4.1862791218638,7.79761424731183,8.43309811827957,7.63719758064516,8.71599462365591,7.82301747311828,1.69254032258065,1.68574596774194,1.90879704301075,1.68560483870968
"FORA",38,"04","2002",69.3770605990248,15.2388089157186,5.49130485256559,5.42177850011609,138.308799628512,8.89245414441607,0.806698397956815,7.38414209426515,132.07,976.525076619457,198.169375435338,15.3021360575807,4.00684931506849,14.5854108635097,15.3340181058496,14.5353064066852,15.8161908077994,13.5943593314763,1.68107242339833,1.66939415041783,1.83529247910864,1.63293175487465
"FORA",38,"05","2002",77.4069259217752,17.8560125518323,4.74191415443237,4.66756696178415,143.011543202959,9.94617281183458,0.77529978706713,6.56741006387986,117.1,976.066176173932,228.238596884456,17.9356270312675,3.40769920430349,18.1241425689307,18.6400470746469,18.0450907868191,19.1318426361802,17.0933759246806,1.66383322125084,1.5990585070612,1.69297242770679,1.55191661062542
"FORA",38,"06","2002",77.6553240740741,23.7071643518519,4.26501157407407,4.20832175925926,166.617824074074,9.08884259259259,0.642835648148148,5.77560185185185,87.12,975.73465625,292.003125,24.0048032407407,2.85306712962963,22.9907986111111,26.4077430555556,22.9892361111111,27.2979861111111,21.67875,2.18269444444444,1.78243055555556,1.68274305555556,1.55820833333333
"FORA",38,"07","2002",76.3717557251908,26.1404665898618,3.31673387096774,3.26205357142857,156.200460829493,9.46435771889401,0.541719470046083,4.5780529953917,46.22,978.091640970844,266.131024531025,26.3801987327189,2.0965581797235,25.6501666666667,29.32425,25.6452728029988,30.18125,24.2590416666667,2.81613215859031,3.21941850220264,2.10610572687225,1.93989427312775
"FORA",38,"08","2002",74.787779919917,25.2550941717336,3.65810470117159,3.59747886697316,154.78095803055,9.57044342280884,0.590923921103366,5.02699095358149,94.48,976.649440901676,236.70562064363,25.5428740916506,2.23999703396114,25.1977748108589,27.1935469514909,25.0700044503783,27.7618602581219,24.4319537160659,2.30610516934046,3.06836898395722,3.51893939393939,3.15570409982175
"FORA",38,"09","2002",68.7643584993052,22.3794117647059,3.25617183881427,3.19657248726262,155.312760537286,9.62924965261695,0.539810097267253,4.50855720240852,114.81,976.201344372395,231.918017600741,22.8450092635479,1.85151690597499,22.4691104933982,24.1902015288395,22.2248436414176,24.5915218902015,22.3345726198749,2.3581723419041,2.4876511466296,2.89003474635163,3.16060458651842
"FORA",38,"10","2002",77.5222110327851,11.9473648875462,3.55610383797695,3.49808660624371,130.483607474544,9.399608369699,0.599116034463467,4.96159785162806,57.91,979.09521987244,120.03658945955,12.1859796352243,2.12482936108314,15.34212823095,14.6538771399799,14.9479019805304,14.3921450151057,16.3900637797919,1.92143624161074,2.03820134228188,2.09585234899329,2.51307382550336
"FORA",38,"11","2002",62.8735365712299,7.17827750086936,3.95008693636258,3.89639503883158,205.601947374522,8.38236930566825,0.572180363973571,5.28970673467022,8.89,979.685144314362,120.502492175727,7.62185000579576,2.31215949924655,8.96838260869565,7.95050434782609,8.59161739130435,7.62302608695652,10.3307826086957,1.69792767732962,1.64460361613352,1.85138386648122,2.01732267037552
"FORA",38,"12","2002",72.4214829749104,3.27361111111111,4.23354352126607,4.18977497527201,171.984421364985,7.62251483679525,0.57061078140455,5.58170128585559,42.15,977.943793682796,92.1999327956989,3.70030241935484,2.56847181008902,5.55383064516129,4.27083333333333,5.23289650537634,3.95151209677419,6.81135752688172,1.57835349462366,1.6267002688172,1.78322580645161,1.73239919354839
"FORA",38,"01","2003",62.472798653954,0.446842400448682,4.54498037016265,4.48701065619742,172.374873808188,8.43138530566461,0.674324172742569,6.12178351093662,0.51,983.893905776781,116.744139091419,0.630420639371845,2.93054402692092,3.22718707940781,2.66806864064603,2.88088829071332,2.4128869448183,4.59172274562584,1.68413483146067,1.62267160161507,1.71951547779273,1.59438088829071
"FORA",38,"02","2003",72.1157975460123,1.49187748015873,4.02326388888889,3.96758432539683,142.316344246032,8.92487599206349,0.609697420634921,5.45076884920635,35.04,978.207684771825,121.851686507937,1.65673363095238,2.64114583333333,4.59151785714286,4.21837797619048,4.33221726190476,4.09568452380952,5.31543898809524,1.63559523809524,1.6446875,1.73904017857143,1.62338541666667
"FORA",38,"03","2003",67.2171671896011,8.07911250560287,4.63904078888391,4.57396907216495,176.756947557149,8.83982519049754,0.692290452711788,6.25976019722098,115.82,973.720422456298,180.042805916629,8.15108695652174,3.15618556701031,7.94336134453782,8.18191596638655,7.8163025210084,8.43811764705882,7.79055462184874,1.53784129119032,1.55817753866846,1.65303967720242,1.54928715534633
"FORA",38,"04","2003",62.180403993499,15.4867309031809,5.77319479916415,5.69885070814952,189.954028325981,8.78409565823079,0.868493150684931,7.81293243557,69.59,973.152290457395,238.239029486882,15.5173090318087,4.06035523566287,13.5342389411355,14.4309299895507,13.5302681992337,14.9879484500174,12.657157784744,1.52625348189415,1.50906685236769,1.58741643454039,1.48995125348189
"FORA",38,"05","2003",74.0600627521291,19.0493052442851,4.07557149260421,4.00234199910354,132.618332586284,10.3149708650829,0.694845360824742,5.71855670103093,140.46,974.017635589422,243.401546565057,19.1833146571044,2.73802106678619,18.4374243443174,20.3794889038332,18.4476126429052,20.9860121049092,17.5372562205783,1.61723790322581,1.49880376344086,1.56094086021505,1.45913306451613
"FORA",38,"06","2003",77.5300925925926,21.8986111111111,3.51524305555556,3.459375,157.63287037037,9.66208333333333,0.571064814814815,4.84642361111111,203.96,974.22746412037,261.472106481481,22.1204861111111,2.21244212962963,21.1981597222222,23.7836805555556,21.1540972222222,24.5175,20.2458333333333,1.715375,1.52003472222222,1.51871527777778,1.44355555555556
"FORA",38,"07","2003",68.8236151603499,26.9363422291994,3.72527472527473,3.67155191747028,158.84974209464,8.9620206324288,0.575263511998206,5.07764072662032,20.32,976.003016371384,310.238954922628,27.3582978246244,2.33268670105405,24.7801816958277,29.531796769852,24.7805854643338,30.5015477792732,23.5842530282638,2.50508748317631,1.94807537012113,1.65232839838493,1.57295423956931
"FORA",38,"08","2003",68.9755577979594,26.5838995403072,2.8694920955264,2.80985536495123,151.091490077363,10.1314385020742,0.50050454086781,4.02650521358897,240.29,977.040831931831,242.662518219531,27.0372239040251,1.72760399147887,24.9316515304406,28.487790110999,24.8712748065927,29.2464850319543,24.1203161789438,2.89986541049798,3.4156998654105,2.63323687752355,2.13707940780619
"FORA",38,"09","2003",75.3958285052144,18.9232213209733,3.81285052143685,3.75409038238702,151.099073001159,9.04632676709154,0.620579374275782,5.27227114716107,64.26,978.048622247972,190.129200463499,19.1825955967555,2.37042873696408,19.9865832464373,20.2310045185958,19.6781369482099,20.2994091067084,20.3600278067431,1.59077885952712,1.56164812239221,1.59102225312935,1.60031293463143
"FORA",38,"10","2003",69.9660580262126,15.4465217878347,3.61065307494119,3.55411672454352,166.253388596393,8.91057466114036,0.56066987789851,4.91888652402823,70.6,977.066593480453,165.515738770024,15.8791643329226,2.23183600313655,15.9141801075269,15.6819892473118,15.6355510752688,15.6998991935484,16.4313508064516,1.61594086021505,1.55188844086022,1.56368951612903,1.52969086021505
"FORA",38,"11","2003",70.0515463917526,8.60964902119773,4.70725124522182,4.64862736012973,178.124058843971,8.48316923433337,0.699907332329434,6.35627244295147,44.94,978.365716436928,84.7626549287617,8.75014479323526,3.10578014595158,11.4198749131341,9.71382904794996,11.0297776233495,9.31108408617095,12.5556289089646,1.7307574704656,1.59912439193885,1.56764419735928,1.51109103544128
"FORA",38,"12","2003",68.3574549120645,3.8383555505769,5.14419177775288,5.09195698442926,195.564019267391,7.75988573989022,0.709924946790635,6.84162652626862,61.71,978.584993838916,93.6198050856951,4.09038870841268,3.51428251372241,6.41075630252101,4.49196638655462,6.07865546218487,4.12527731092437,7.6127731092437,1.55231338264963,1.55451916610625,1.55053799596503,1.48412911903161
"FORA",38,"01","2004",73.2013888888889,0.977542562724014,4.31159274193548,4.25465949820788,146.585125448029,8.76129032258065,0.656126792114695,5.85442428315412,59.68,980.219758064516,95.3584229390681,1.18948252688172,2.79094922737307,4.53323252688172,3.30497311827957,4.20688844086022,2.93477822580645,5.79475806451613,1.54832258064516,1.51269489247312,1.52586021505376,1.4485685483871
"FORA",38,"02","2004",68.0040806529045,2.62490398463754,4.45038538040776,4.3930508881421,167.232098458478,9.01649676777722,0.684970164097464,6.06755345599204,47.01,980.889216274604,139.704752760442,2.79523523763802,3.06497750727706,3.74155563557796,3.45887648541592,3.55253871083903,3.40911055095427,4.4218941303565,1.50982608695652,1.48451428571429,1.50731428571429,1.43285714285714
"FORA",38,"03","2004",64.9866681604302,10.9816155052655,5.09774815146762,5.03141384718799,174.072036746583,8.66050862648443,0.758615281200986,6.87936365673314,157.21,980.197088281425,178.411382478154,11.0708267981179,3.49448801254761,9.54381304640215,10.1230665770007,9.51039004707465,10.4924344317418,9.18009414929388,1.49690751445087,1.44604046242775,1.47738439306358,1.42332369942197
"FORA",38,"04","2004",65.6682892906815,14.9138982264982,4.94881780250348,4.87644877144182,142.970329160872,9.13697264719518,0.775115901715345,6.78625405656004,95.51,976.160970097357,214.457811775614,14.9751854427446,3.50050996754752,13.1371001390821,14.0435326842837,13.1188456189152,14.5115090403338,12.5745479833102,1.47708683473389,1.43387254901961,1.45656162464986,1.41905462184874
"FORA",38,"05","2004",75.3206846075892,20.4393086364148,5.75396914761851,5.68953946627632,166.068573358856,8.19148744510753,0.830165521900687,7.71674360995383,47.24,973.705852944488,253.615358630785,20.4192771084337,4.32639342416395,18.8098582039163,21.4401955146636,18.9786630654963,21.9462334675101,17.5053004726536,1.58156382978723,1.42028723404255,1.44486170212766,1.41162765957447
"FORA",38,"06","2004",81.1344907407407,22.1761805555556,3.88025462962963,3.82309027777778,139.804861111111,9.52075231481481,0.62255787037037,5.34486111111111,132.33,976.502231481481,243.292013888889,22.2833680555556,2.69207175925926,22.8425347222222,23.8960069444444,22.9558333333333,24.2593055555556,21.5478819444444,1.64739583333333,1.43461111111111,1.45793055555556,1.41075694444444
"FORA",38,"07","2004",82.2926747311828,24.6417339795369,3.49717741935484,3.44545250896057,159.139000896057,9.06733870967742,0.553382616487455,4.79803987455197,105.66,975.746980286738,253.999439964158,24.1327396953405,2.14670698924731,24.004435483871,26.3811827956989,23.9572916666667,26.8057795698925,23.0344086021505,2.0730498945889,1.71092059030218,1.55585382993675,1.49674631061138
"FORA",38,"08","2004",77.2865477392573,25.2614137214137,3.56767642768989,3.51037809940536,162.495568271065,9.58931897228767,0.58553797823404,4.93333333333333,58.93,977.133303040503,249.41288006283,23.2810838101649,1.92304499046337,22.7392123864019,25.3415011780545,22.6189161898351,25.7252440255806,22.0815550319758,1.97177777777778,2.10926599326599,2.01016161616162,1.91143434343434
"FORA",38,"09","2004",64.9740740740741,22.2011689814815,3.51861111111111,3.45112268518519,135.253587962963,9.92517361111111,0.608472222222222,4.94560185185185,13.21,977.934265046296,226.681712962963,22.5389467592593,1.86453703703704,21.6709722222222,24.3878819444444,21.5501041666667,24.7045138888889,21.3129166666667,3.57379166666667,3.3750625,2.74299305555556,2.12716666666667
"FORA",38,"10","2004",75.5767337807606,16.3661856823266,3.88347874720358,3.8210067114094,164.520022371365,9.63885906040268,0.667170022371365,5.45848993288591,137.91,974.767831096197,123.808724832215,16.5286689038031,2.16090604026846,17.1906040268456,16.9871476510067,16.9206375838926,17.0630201342282,17.451677852349,2.30838926174497,2.3531677852349,3.24462416107383,2.48289932885906
"FORA",38,"11","2004",80.3165275846083,9.1768776077886,4.00114742698192,3.93749420491423,143.023759851646,9.42322670375522,0.689870190078813,5.62991423273064,115.54,979.888337969402,79.5506490496059,9.32090866944831,2.35005795085767,12.040264255911,9.92920723226704,11.6164812239221,9.79926981919332,13.0840055632823,1.52637439109255,1.54868475991649,1.55757828810021,1.61826026443981
"FORA",38,"12","2004",66.8887394957983,3.72337254901961,4.45385994397759,4.40100840336134,199.730420168067,7.87210084033613,0.643887955182073,5.96003361344538,18.79,980.35393837535,105.524257703081,4.17171988795518,2.56743977591036,7.25473843821077,4.70113074204947,6.77543593631539,4.50113074204947,8.75307050796058,1.60413138686131,1.53193135935397,1.51588829071332,1.51448855989233
"FORA",38,"01","2005",82.182961050623,1.16437310584802,3.86531010271746,3.80730724223118,137.879469509817,9.31042777272136,0.631049278377324,5.32963203744637,93.96,982.672216859356,80.3921876753844,1.20649904590863,2.56690647482014,NA,NA,NA,NA,NA,1.68931818181818,1.55306818181818,1.5275,1.50761363636364
"FORA",38,"02","2005",75.5882572459261,6.05715885060331,3.93218061948003,3.8776589128001,178.746112700585,8.85960940415475,0.61245179748725,5.35322801343451,38.35,980.148905336485,113.390098270929,6.26592859808434,2.36795621345939,NA,NA,NA,NA,NA,NA,NA,NA,NA
"FORA",38,"03","2005",62.1194539249147,8.95313640108274,4.87801577027186,4.80241261621749,169.447569730493,9.62057196657644,0.77721548781923,6.71566435212428,39.88,974.300820763957,180.619530040805,9.03263504766388,3.22816288101683,9.3947477899116,10.0930643127364,9.28725949037961,10.2945775535939,9.66443883984868,1.52646464646465,1.46891414141414,1.47848484848485,1.42856060606061
"FORA",38,"04","2005",63.2100869565217,15.0102724637681,5.70970434782609,5.6344115942029,187.059246376812,9.03553623188406,0.812440579710145,7.63427246376812,34.02,974.437548417024,214.944463768116,14.9512347826087,4.45303188405797,14.2436869565217,15.7177739130435,14.3089391304348,16.0285217391304,13.3922434782609,1.63350034794711,1.47128740431454,1.47953375086987,1.42464857341684
"FORA",38,"05","2005",71.3237078651685,19.233797752809,4.16947191011236,4.10985393258427,153.484831460674,9.29866292134832,0.628314606741573,5.64966292134831,81.53,975.607413483146,251.011460674157,19.2776179775281,2.96619101123596,18.8532861476239,20.8918773171554,19.0332996292551,21.3388945062353,17.3901247050893,1.74586648685098,1.60229265003372,1.52315576534053,1.46846931894808
"FORA",38,"06","2005",74.9858796296296,24.3973032407407,3.90109953703704,3.8462037037037,164.509375,9.15092592592593,0.607708333333333,5.3328125,192.53,973.437927083333,294.86875,24.6036111111111,2.62172453703704,23.0227777777778,26.7079166666667,23.1176388888889,27.2535763888889,21.6757291666667,1.84739583333333,1.61089583333333,1.5105,1.51572222222222
"FORA",38,"07","2005",71.3874663072776,25.5768643306379,3.12822327044025,3.07370844564241,151.126347708895,9.8332884097035,0.516588050314465,4.33564690026954,91.44,977.01447327044,291.526729559748,25.8887578616352,1.9248427672956,25.0301886792453,28.8703504043127,25.0443059299191,29.3895889487871,23.7791105121294,2.5555765340526,2.17614969656102,1.63196223870533,1.60964935940661
"FORA",38,"08","2005",71.8607282913165,25.9044481792717,3.02770868347339,2.96993837535014,155.083697478992,10.3462969187675,0.52181512605042,4.23910364145658,93.72,975.889170868347,236.375238095238,26.092649859944,1.85528291316527,25.1185483870968,28.0222446236559,25.0639112903226,28.4921370967742,24.0810147849462,2.98344758064516,3.15763440860215,2.68262768817204,2.06878360215054
"FORA",38,"09","2005",69.5575385328543,23.4003244871943,3.6163518368293,3.5549310464712,141.55927685711,9.52160157608066,0.600788040329123,5.0267817823618,33.27,977.581131069649,218.750724301773,23.6338857341523,2.21993278479546,22.877364394993,25.4903337969402,22.6997218358832,25.8508344923505,22.5830319888734,2.70734353268428,2.87010431154381,3.28805980528512,2.31018080667594
"FORA",38,"10","2005",68.515548098434,15.4411856823266,3.76333333333333,3.70300894854586,164.125727069351,9.11027964205817,0.617628635346756,5.21098434004474,66.04,979.032101789709,155.884787472036,15.7541834451902,2.35667785234899,17.0123489932886,16.6745973154362,16.6563087248322,16.6576174496644,17.6769798657718,2.15957718120805,2.84618120805369,3.38852348993289,2.54406711409396
"FORA",38,"11","2005",55.0326880723311,10.2877941346934,5.09668482670685,5.03615393531935,192.867393068274,8.09580387156601,0.750144893937638,6.86892314825548,1.27,976.671623971253,130.208879100498,10.67890344268,3.26783354584444,11.7083130434783,10.7974956521739,11.3077217391304,10.7000347826087,12.8017391304348,2.05224773834377,2.41185803757829,3.36746694502436,2.66335421016006
"FORA",38,"12","2005",64.7811168423413,1.32251625925095,4.378324736488,4.32700156985871,199.559206100022,8.31708903341556,0.630253420049338,5.84497645211931,5.58,979.07927898632,101.516147118188,1.69376541825521,2.80899304776856,5.45895020188425,3.65703230148048,5.00218707940781,3.43337819650067,6.95605652759085,2.39432523616734,2.50666218034993,3.36066621803499,2.80749663526245
"FORA",38,"01","2006",55.432123655914,6.81561379928315,5.10002261420172,5.04434363799283,207.663082437276,7.7695564516129,0.709735413839891,6.76845318860244,23.37,976.130156810036,116.366711469534,7.31525537634409,3.30176390773406,6.89734543010753,6.16969086021505,6.60574596774194,6.14603494623656,7.70315860215054,2.04731182795699,2.49174059139785,3.35173387096774,2.83095430107527
"FORA",38,"02","2006",54.0212053571429,3.06103670634921,4.43805803571429,4.37403273809524,180.246651785714,8.78204365079365,0.683159722222222,6.02771577380952,0.25,980.286636904762,157.242435515873,3.35758928571429,2.9133556547619,5.33005952380952,5.19029017857143,5.02061011904762,5.19322916666667,6.22057291666667,1.93678571428571,2.26620535714286,3.3335193452381,2.85529761904762
"FORA",38,"03","2006",58.5978930852852,10.2968956628936,5.0870223019164,5.00810265605738,173.02532780455,9.61954499607755,0.830617505323322,7.04974784265382,84.07,977.091902947439,173.113750980612,10.4021069147148,3.44403227614031,9.84440336134454,10.6050084033613,9.73673949579832,10.8260504201681,9.71761344537815,1.83855413584398,2.04848688634835,3.23730329522529,2.80675184936113
"FORA",38,"04","2006",54.5109560533725,17.9261162008582,5.34272295024933,5.26133596196219,172.431404383625,9.60758436738954,0.854795314855619,7.35713788704627,158.5,972.764597008002,229.5772932854,18.0040009277514,3.69595268468051,15.7038970076548,17.7805845511482,15.7505567153793,18.1807585247042,14.7715727209464,1.74889352818372,1.69189283228949,1.64247042449548,1.73473208072373
"FORA",38,"05","2006",68.6049507168459,20.2782818100358,4.22235663082437,4.15398745519713,165.928875448029,9.8016353046595,0.685797491039427,5.82760976702509,32.25,974.175169130824,265.332437275986,20.3458893369176,2.87982750896057,18.9177755376344,21.5389112903226,19.0126680107527,22.139751344086,17.6958669354839,1.94581317204301,1.70612231182796,1.5778561827957,1.6333938172043
"FORA",38,"06","2006",62.7393524428455,24.4722177091795,3.91312521759313,3.84644307763723,163.033770453754,9.8075432285018,0.64412208425206,5.42658697922711,54.61,976.777417894859,296.469591457753,24.6824997098758,2.59625159568295,22.9678384963453,26.7354333449356,22.9349460494257,27.3408980160111,21.7062652279847,2.54350034794711,3.14900487125957,2.12471120389701,2.00087682672234
"FORA",38,"07","2006",57.3904569892473,27.8286402329749,4.03033154121864,3.95825492831541,152.867383512545,9.66038306451613,0.670194892473118,5.59501568100358,45.97,976.407597446237,282.671146953405,27.8587701612903,2.6608646953405,25.2788642473118,29.3463373655914,25.2399865591398,30.0294018817204,23.9126344086022,3.12320564516129,3.4042876344086,3.18086693548387,2.30121639784946
"FORA",38,"08","2006",59.7017602870277,28.1779235340285,3.74760623388272,3.66564637291176,153.009418096199,11.1317300145756,0.663325484919834,5.30398026684606,73.66,975.585687857383,245.054826774302,28.029106402063,2.51529319430429,26.4128826101581,29.0934746047763,26.2994281870165,29.6317524386142,25.3017154389506,2.89246133154001,3.54509751176866,3.55279085406859,3.21289172831204
"FORA",38,"09","2006",58.0740396889869,20.2620169432517,3.86971103632355,3.79570616223744,184.886155274457,10.1335847742834,0.637449228269699,5.3590924915864,18.8,976.206366484855,216.332598352095,20.56791226645,2.50052222351166,20.5534122562674,22.541922005571,20.2261490250696,22.7637534818941,20.7674791086351,2.64259052924791,2.78887186629526,3.54318245125348,3.38272284122563
"FORA",38,"10","2006",63.8931767337808,14.6123601789709,4.43787472035794,4.36871364653244,165.609060402685,9.63287472035794,0.709865771812081,6.12161073825503,25.14,976.041796420582,155.869686800895,14.7790492170022,3.015,15.8677181208054,16.2326510067114,15.5172483221477,16.263255033557,16.6424161073826,2.71748322147651,3.71039597315436,3.59346308724832,3.50224161073825
"FORA",38,"11","2006",65.7032407407407,9.51819444444445,4.69673611111111,4.6371875,172.522106481481,8.41559027777778,0.680497685185185,6.30790509259259,27.93,978.071292824074,117.35625,9.79622685185185,3.1700462962963,11.0298611111111,10.6983680555556,10.7127430555556,10.6397569444444,12.1365972222222,2.171625,3.67654166666667,3.58225,3.55508333333333
"FORA",38,"12","2006",72.5372999774623,3.98346855983773,4.51778228532792,4.46968672526482,178.426076177597,7.58817894974082,0.620982645931936,5.99584178498986,65.77,981.036559612351,96.4455713319811,4.47615505972504,3.00748253324318,6.97014874915483,4.89060175794456,6.6446247464503,4.83316430020284,8.03475321162948,1.62484110885734,2.09731575388776,3.47665314401623,3.57812711291413
"FORA",38,"01","2007",73.8792562724014,0.142461917562724,4.4144041218638,4.36220878136201,206.097110215054,7.97566084229391,0.607605286738351,5.83074596774194,34.31,982.811820116487,105.325380824373,0.42652329749104,2.9680667562724,3.73971774193548,1.67668010752688,3.30406586021505,1.66444892473118,5.2747311827957,1.67047914818101,1.69864247311828,1.66853494623656,1.91219758064516
"FORA",38,"02","2007",65.2527281746032,2.34594494047619,5.04976438492063,4.97625248015873,158.242311507937,9.12720734126984,0.772222222222222,6.86760912698413,26.41,977.872299107143,150.394097222222,2.49368799603175,3.51171875,3.38470982142857,2.61514136904762,3.15107886904762,2.71443452380952,4.02366071428571,1.64805025125628,1.6533630952381,1.58709821428571,1.62409970238095
"FORA",38,"03","2007",68.5982503364738,13.5986316733961,4.91422162404666,4.85492373261552,167.374270973531,8.55947734410049,0.685172723194257,6.53674293405114,217.16,978.139765589951,164.967025572005,13.7204576043069,3.46509645580978,11.4846231493943,13.3010767160162,11.4752355316285,13.5375841184388,10.7255047106326,1.63423956931359,1.63294078061911,1.54245625841184,1.58791386271871
"FORA",38,"04","2007",66.2484953703704,12.7729050925926,5.10309027777778,5.03334490740741,180.478935185185,8.81737268518519,0.746180555555556,6.85976851851852,123.19,976.582053240741,215.324884259259,12.7792476851852,3.66746527777778,12.7039930555556,12.7419097222222,12.5170138888889,12.8690625,12.48375,1.550625,1.55577083333333,1.48963194444444,1.53334722222222
"FORA",38,"05","2007",79.3400537634409,20.2267585125448,4.03200044802867,3.97713933691756,154.677643369176,9.04719982078853,0.625728046594982,5.49597894265233,167.88,976.897734094982,201.802419354839,20.2648857526882,2.80977822580645,18.949563172043,20.4943548387097,18.9224462365591,20.8068212365591,17.8240255376344,1.57646505376344,1.51375672043011,1.4679435483871,1.4870564516129
"FORA",38,"06","2007",81.9741569127361,23.167817823618,3.69255997218681,3.62970216711091,156.308842276046,10.2750724301773,0.625228879360297,5.15635647236064,302.52,974.659908448256,231.083207787693,23.1253679453007,2.47836365743423,22.0954450625869,24.2238525730181,22.0625173852573,24.5675938803894,20.9990264255911,1.55530598052851,1.50335883171071,1.45925591098748,1.4592628650904
"FORA",38,"07","2007",78.8035233393178,25.515473518851,2.53333707360862,2.48229353680431,144.178186714542,10.5544658886894,0.44463644524237,3.55636220825853,77.98,976.564288599641,266.732158886894,25.572789497307,1.46987208258528,24.3793672164254,27.4048805116123,24.3791652642208,27.9462133961629,23.2087512622013,1.75119111709287,1.50884253028264,1.45229475100942,1.44700538358008
"FORA",38,"08","2007",72.2604166666667,27.2260752688172,3.70836693548387,3.65256496415771,168.661738351254,9.04139784946237,0.592114695340502,5.09451164874552,32,975.903415098566,259.070116487455,27.5604502688172,2.11325044802867,25.4589717741936,30.3532258064516,25.3962701612903,30.954872311828,24.5275873655914,3.493125,3.00581317204301,2.07011424731183,1.84242607526882
"FORA",38,"09","2007",74.3347634508349,22.1564587198516,3.55773423005566,3.49859693877551,142.137523191095,9.82418831168831,0.59372680890538,4.94955936920223,89.66,978.077912801484,190.908732459701,22.3462546382189,2.000823283859,22.1226513569937,23.9832289491997,21.9371259568546,24.2805149617258,21.9663535142658,2.40658315935978,2.32967292971468,2.41632567849687,2.23562282533055
"FORA",38,"10","2007",70.9912487377987,16.2990238976776,4.31654886121396,4.24969146190957,170.979019409851,9.29298777067205,0.694715583978458,5.95922809379558,166.63,976.816879838438,164.238976775496,16.5508470773028,2.5088971165713,17.5699764389095,16.4329855267587,17.2483338943117,16.4025244025581,18.109390777516,1.75702557200538,1.77467698519515,2.04181695827725,2.0149798115747
"FORA",38,"11","2007",63.0079750346741,9.31910540915395,4.02690707350902,3.96381183541378,165.155686546463,8.87297734627832,0.635309754969949,5.51816920943135,7.1,980.878297503467,130.572699953768,9.68321775312067,2.30790568654646,11.7520457697642,10.0494452149792,11.3283633841886,9.87597087378641,12.7933079056865,1.83547156726768,1.70492371705964,1.55871705963939,1.64494452149792
"FORA",38,"12","2007",80.6925232597242,1.17934088106715,4.26323181937516,4.21698608558677,187.247702809136,7.76928327645051,0.589446048831714,5.6576529272775,35.78,978.732190337406,77.2644322385383,1.57111310391212,3.24726962457338,5.95768583921964,3.04036326942482,5.47517658930373,2.76794483686512,7.40232088799193,1.64560188298588,1.70168123739072,1.57363147276395,1.63392737054472
"FORA",38,"01","2008",67.7848342293907,1.54375,5.47159498207885,5.42114695340502,199.095878136201,7.44915994623656,0.696034946236559,7.13513664874552,16.26,980.035590277778,114.47748655914,1.7387208781362,4.36640905017921,4.23400537634409,1.98145161290323,3.86219758064516,1.84364919354839,5.32637768817204,1.63337365591398,1.61963037634409,1.5184811827957,1.56129704301075
"FORA",38,"02","2008",74.1593630268199,1.83991858237548,4.77728687739464,4.71834291187739,175.573156130268,8.42874760536398,0.671036877394636,6.35747126436782,50.78,976.593777538314,133.806154214559,2.02477250957854,3.74360632183908,4.28132183908046,2.97596982758621,3.99709051724138,2.93854166666667,4.97823275862069,1.60997844827586,1.61112068965517,1.50809626436782,1.52158764367816
"FORA",38,"03","2008",65.2051368326604,8.54152086137281,5.36731718259309,5.28876177658143,141.496074472858,9.12632346343652,0.78959174517721,7.24295648272768,108.22,976.585770524899,183.114625392553,8.59838492597577,4.35471063257066,8.10319650067295,8.14720726783311,8.01864064602961,8.33798788694482,7.82866756393001,1.60318977119785,1.58300807537012,1.49685060565276,1.48263795423957
"FORA",38,"04","2008",63.8743055555556,13.1699189814815,6.19096064814815,6.11313657407407,170.308101851852,9.05075231481482,0.890381944444444,8.29685185185185,102.62,974.771311342593,231.130555555556,13.155775462963,4.9587037037037,12.5907986111111,13.0712152777778,12.5829166666667,13.3973958333333,11.8311805555556,1.57678472222222,1.54622916666667,1.48074305555556,1.4633125
"FORA",38,"05","2008",70.2078053156891,19.389121901985,5.10814175171022,5.03182684759448,180.9069193675,9.6640686329483,0.812235056633397,7.04197600089716,169.66,971.63456992262,263.547381406303,19.5724122462712,3.80226533587529,18.1625042073376,20.1953887579939,18.2685964321777,20.6249074385729,16.7332884550656,1.64142760942761,1.54189898989899,1.47861279461279,1.45740067340067
"FORA",38,"06","2008",77.6243055555556,23.9107986111111,4.93519675925926,4.87084490740741,168.825694444444,9.3818287037037,0.768344907407407,6.75895833333333,260.87,973.786001157407,277.092476851852,24.2412037037037,3.46456018518519,22.5192708333333,24.2920486111111,22.4809027777778,24.7176736111111,21.1494791666667,1.53013194444444,1.50515277777778,1.457625,1.44646527777778
"FORA",38,"07","2008",73.0725806451613,25.9391913082437,3.70750448028674,3.65897177419355,164.030689964158,8.73441980286738,0.563810483870968,5.03191084229391,90.94,975.464217069892,280.774753584229,26.1844534050179,2.42193100358423,24.3296034946237,28.8548387096774,24.2402889784946,29.4272177419355,23.0972110215054,2.40387768817204,1.96047715053763,1.62622311827957,1.56502688172043
"FORA",38,"08","2008",79.0060531330568,24.210906849008,2.76195493778724,2.70890034749468,117.384149758996,10.3673355005044,0.503306804169936,3.95317789485484,86.61,975.464225983634,215.926577737922,24.6423719313978,1.65526286290775,23.8267070299361,26.7347796838211,23.6710393541877,27.1546585940128,23.1125126135217,1.95741588156124,1.85132570659489,1.71061911170929,1.74755720053836
"FORA",38,"09","2008",79.2047745972882,19.7556959091436,3.10760227141036,3.04623942519411,139.465870900452,9.94389848186348,0.552497392513617,4.40282767412215,73.65,979.076454977402,188.32715262487,20.3563101170472,1.86734268165488,20.553147826087,21.7886260869565,20.3414260869565,21.9736695652174,20.5270260869565,1.92311760612387,1.89512874043145,1.6844537230341,1.760375782881
"FORA",38,"10","2008",70.6180329707301,14.3348884153863,4.16673769204889,4.10100930806325,175.224290680722,9.1446899181339,0.669832903442862,5.74673096332847,83.56,980.499377593361,161.521924414041,14.7224290680722,2.57513737804194,16.0509592729721,14.7892965331538,15.7584651632447,14.7371592056547,16.6491417031303,1.7896430976431,1.77866666666667,1.66501683501684,1.7349494949495
"FORA",38,"11","2008",66.3037447988904,8.14150485436893,4.63941285251965,4.57599398982894,191.547041146556,8.66228617660657,0.705628756356912,6.3164123901988,28.69,979.120774387425,126.793804900601,8.49420943134535,2.92855987055016,10.799133148405,8.46903606102635,10.4360957004161,8.29722607489598,11.7650832177531,1.67864077669903,1.63736477115118,1.54164355062413,1.60995839112344
"FORA",38,"12","2008",68.5918069584736,1.39640852974186,5.37077168222172,5.29483268836786,176.611768722968,9.15622581379467,0.824846346460278,7.31407921693603,33.77,979.413887766554,96.0975308641975,1.64154882154882,3.50347143182336,5.93078477601886,3.21687436847423,5.52344223644325,3.03085213876726,7.12068036375884,1.71224393530997,1.68547169811321,1.54068733153639,1.60568059299191
"FORA",38,"01","2009",62.3744399641577,0.297345430107527,4.77237304001872,4.7024923941025,182.886028551369,8.76605429440674,0.729897027849286,6.47129651298853,1.77,980.096941084229,121.081989247312,0.701176075268817,3.08357126140885,3.87768817204301,1.68494623655914,3.52735215053763,1.46569220430108,5.02459677419355,1.72497601096642,1.66561155913978,1.53489919354839,1.59060483870968
"FORA",38,"02","2009",60.305183531746,6.2303943452381,5.25899057539683,5.17703373015873,167.761036706349,9.35832093253968,0.820895337301587,7.19796626984127,51.05,979.516686507936,174.490699404762,6.48776041666667,3.52619047619048,6.61960565476191,6.39468005952381,6.49453125,6.45729166666667,6.79627976190476,1.68617164179104,1.67614583333333,1.53154017857143,1.58620535714286
"FORA",38,"03","2009",62.4833969037469,9.73100740408346,5.82431007404083,5.74445815571012,148.724029616334,9.40066188018847,0.914617455687682,8.00249046443796,110.99,976.520207538703,179.727619474983,9.83375588961185,4.03699798070451,9.3296869740828,9.60578929653315,9.26748569505217,9.77165937394817,9.23096600471222,1.65064646464646,1.63408080808081,1.5113063973064,1.5406936026936
"FORA",38,"04","2009",65.5023148148148,13.6336342592593,5.46103009259259,5.37893518518518,177.21087962963,9.88769675925926,0.86443287037037,7.50954861111111,173.47,974.165555555556,202.2125,13.5958603491272,4.08030092592593,11.8889930555556,12.5891666666667,11.9574652777778,12.9133680555556,11.22375,1.54347222222222,1.5673125,1.47988888888889,1.49595138888889
"FORA",38,"05","2009",74.1136872759857,18.1734094982079,4.09648297491039,4.031395609319,132.233086917563,9.6985103046595,0.652654569892473,5.64562051971326,65.76,976.173443100358,245.620967741935,20.1463899272083,3.04044578853047,17.5554771505376,17.2098092643052,17.6583333333333,17.5814032697548,16.4420362903226,1.61889112903226,1.51415994623656,1.46325268817204,1.4615188172043
