plot,plotnum,plot,yr,plot_yr,date_samp,jul_samp,easting,northing,grassht,forbht,woodyht,woodypct,waterpct,rockpct,barepct,slope,aspect,TEC,PH,ORG,S,P,CA,MG,K,NA,BCA,BMG,BK,BNA,BH,B,FE,MN,CU,ZN,AL,rain6,rain7,rain8,rain9,rain10,rain11,rain12,rain1,rain2,rain3,rain4,rain5,temp6,temp7,temp8,temp9,temp10,temp11,temp12,temp1,temp2,temp3,temp4,temp5,OrBis,bison,YrsOB,BP5Yrs,YrsSLB,burn,date of burn,julian day of burn
205,205.1998,1,1998,1_1998,6/18/1998,167,727000,4080000,0.5,0.8,0.4,0.5,0,0,2,3,298,28.97,6.9,7.52,87,13,4709,563,228,34,81.27,16.19,2.02,0.51,0,1.03,132,58,4.42,7.91,595,183,141,117,76,80,20,92,48,NA,18,101,163,22.7,25.4,24,21.8,14.9,6.1,1.9,2.6,5.4,6,13.6,21.8,1,1,4.668493151,1,0.38630137,1,1/28/1998,28
206,206.1998,2,1998,2_1998,6/18/1998,167,730000,4076000,1,1.2,0.7,2,0,0,0,1,296,19.01,6.6,5.87,33,12,2895,416,201,22,76.14,18.24,2.71,0.5,2.41,0.82,138,60,2.23,5.41,511,183,141,117,76,80,20,92,48,NA,18,101,163,22.7,25.4,24,21.8,14.9,6.1,1.9,2.6,5.4,6,13.6,21.8,1,1,2.076712329,2,3.221917808,0,,
208,208.1998,3,1998,3_1998,6/18/1998,167,728000,4078000,0.8,0.9,0.4,0.5,0,0,5,5,209,26.61,7.3,6.77,48,8,4177,515,207,208,78.49,16.13,1.99,3.4,0,1.36,113,93,2.65,2.99,490,183,141,117,76,80,20,92,48,NA,18,101,163,22.7,25.4,24,21.8,14.9,6.1,1.9,2.6,5.4,6,13.6,21.8,1,1,4.668493151,1,2.509589041,0,,
220,220.1998,4,1998,4_1998,6/18/1998,167,728000,4080000,0.7,0.6,0.6,0.5,0,0,0,4,110,24.6,6.9,7.02,35,9,4077,443,155,29,82.87,15.01,1.62,0.51,0,1.07,223,74,3.31,4.36,501,183,141,117,76,80,20,92,48,NA,18,101,163,22.7,25.4,24,21.8,14.9,6.1,1.9,2.6,5.4,6,13.6,21.8,1,1,4.668493151,1,3.747945205,0,,
222,222.1998,5,1998,5_1998,6/19/1998,168,729000,4077000,1.3,0.9,0.7,0.5,0,0,0,2,46,22.29,6,4.73,38,7,2636,378,204,25,59.13,14.13,2.35,0.49,23.91,0.86,155,51,3.25,3.47,645,183,141,117,76,80,20,92,48,NA,18,101,163,22.7,25.4,24,21.8,14.9,6.1,1.9,2.6,5.4,6,13.6,21.8,1,1,2.079452055,3,2.175342466,0,,
226,226.1998,6,1998,6_1998,6/19/1998,168,729000,4078000,1,0.8,0.7,10,0,0,0.5,4,222,21.8,5.8,5.63,42,13,2443,456,135,24,56.03,17.43,1.59,0.48,24.45,1.44,246,30,2.41,5.65,621,183,141,117,76,80,20,92,48,NA,18,101,163,22.7,25.4,24,21.8,14.9,6.1,1.9,2.6,5.4,6,13.6,21.8,1,1,2.306849315,2,3.224657534,0,,
238,238.1998,7,1998,7_1998,6/19/1998,168,732000,4075000,0.7,0.9,0,0,0,1,5,5,35,17.75,6,5.56,32,8,2209,256,113,39,62.23,12.02,1.63,0.96,23.17,0.86,228,29,2.51,4.52,571,183,141,117,76,80,20,92,48,NA,18,101,163,22.7,25.4,24,21.8,14.9,6.1,1.9,2.6,5.4,6,13.6,21.8,0,0,0,1,4.254794521,0,,
244,244.1998,8,1998,8_1998,6/18/1998,167,731000,4074000,0.9,0.9,0,0,0,0,0,1,270,17.19,6.1,4.29,27,10,1923,349,190,16,55.93,16.92,2.83,0.4,23.92,0.82,167,23,1.51,4.04,591,183,141,117,76,80,20,92,48,NA,18,101,163,22.7,25.4,24,21.8,14.9,6.1,1.9,2.6,5.4,6,13.6,21.8,0,0,0,1,4.221917808,0,,
254,254.1998,9,1998,9_1998,6/19/1998,168,734000,4071000,0.8,0.9,0.5,0.5,0,0,2,5,122,24.61,6.8,6.25,35,10,4184,365,204,28,85.01,12.36,2.13,0.49,0,1.13,300,51,3.49,4.36,428,183,141,117,76,80,20,92,48,NA,18,101,163,22.7,25.4,24,21.8,14.9,6.1,1.9,2.6,5.4,6,13.6,21.8,0,0,0,3,0.24109589,1,3/23/1998,82
259,259.1998,10,1998,10_1998,6/19/1998,168,734000,4073000,0.5,0.6,0,0,0,0.5,15,2,28,28.17,6.2,6.08,30,7,4111,333,245,23,72.97,9.85,2.23,0.35,14.6,0.82,101,95,2.09,3.15,699,183,141,117,76,80,20,92,48,NA,18,101,163,22.7,25.4,24,21.8,14.9,6.1,1.9,2.6,5.4,6,13.6,21.8,0,0,0,2,1.246575342,0,,
303,303.1998,11,1998,11_1998,6/4/1998,153,731000,4082000,0.6,0.5,0.3,1,0,0,25,4,44,18.49,5.8,4.33,28,8,2022,280,230,30,54.68,12.62,3.19,0.71,28.83,0.78,136,44,2.05,4.52,647,183,141,117,76,80,20,92,48,NA,18,101,163,22.7,25.4,24,21.8,14.9,6.1,1.9,2.6,5.4,6,13.6,21.8,0,0,0,4,0.202739726,1,3/22/1998,81
307,307.1998,12,1998,12_1998,6/4/1998,153,731000,4079000,0.6,0.7,0,0,0,0,10,3,270,17.79,5.8,4.08,28,8,1777,371,121,39,49.94,17.38,1.74,0.95,29.96,0.74,248,34,3.29,2.26,607,183,141,117,76,80,20,92,48,NA,18,101,163,22.7,25.4,24,21.8,14.9,6.1,1.9,2.6,5.4,6,13.6,21.8,0,0,0,3,0.202739726,1,3/22/1998,81
308,308.1998,13,1998,13_1998,6/5/1998,154,730000,4086000,0.6,0.9,0.5,1,0,0,0,7,126,32.67,6.4,8.29,33,15,4693,524,238,26,71.82,13.37,1.87,0.35,12.59,1.07,143,47,4.02,4.92,625,183,141,117,76,80,20,92,48,NA,18,101,163,22.7,25.4,24,21.8,14.9,6.1,1.9,2.6,5.4,6,13.6,21.8,0,0,0,3,0.208219178,1,3/21/1998,80
309,309.1998,14,1998,14_1998,6/5/1998,154,731000,4086000,0.5,0.7,0.4,1,0,5,15,8,120,18.75,5.8,6.44,35,9,1747,351,137,43,46.59,15.6,1.87,1,34.92,0.79,267,24,1.87,4.04,691,183,141,117,76,80,20,92,48,NA,18,101,163,22.7,25.4,24,21.8,14.9,6.1,1.9,2.6,5.4,6,13.6,21.8,0,0,0,4,0.208219178,1,3/21/1998,80
317,317.1998,15,1998,15_1998,6/9/1998,158,733000,4079000,1,0.8,0.4,0.5,0,0,2,5,125,22.41,6.6,5.19,35,8,3739,384,141,36,83.42,14.28,1.61,0.7,0,1.09,223,54,2.49,2.66,587,183,141,117,76,80,20,92,48,NA,18,101,163,22.7,25.4,24,21.8,14.9,6.1,1.9,2.6,5.4,6,13.6,21.8,0,0,0,3,0.216438356,1,3/22/1998,81
319,319.1998,16,1998,16_1998,6/9/1998,158,734000,4079000,0.6,0.8,0,0,0,0,10,1,160,31.42,6.3,5.83,30,12,4612,403,288,34,73.39,10.69,2.35,0.47,13.09,0.86,134,83,2.93,3.63,615,183,141,117,76,80,20,92,48,NA,18,101,163,22.7,25.4,24,21.8,14.9,6.1,1.9,2.6,5.4,6,13.6,21.8,0,0,0,4,0.216438356,1,3/22/1998,81
331,331.1998,17,1998,17_1998,6/11/1998,160,738000,4069000,0.6,0.5,0.5,1,0,0.5,5,2,300,10.35,5.9,2.07,18,13,984,115,88,31,47.54,9.26,2.18,1.3,39.73,0.23,200,27,1.08,4.92,484,183,141,117,76,80,20,92,48,NA,18,101,163,22.7,25.4,24,21.8,14.9,6.1,1.9,2.6,5.4,6,13.6,21.8,0,0,0,1,3.18630137,0,,
343,343.1998,18,1998,18_1998,6/12/1998,161,734000,4083000,0.7,0.7,0.4,0.5,0,0,3,2,43,18.34,5.7,3.48,31,6,1913,358,132,29,52.15,16.27,1.85,0.69,29.06,0.76,228,39,2.75,2.82,666,183,141,117,76,80,20,92,48,NA,18,101,163,22.7,25.4,24,21.8,14.9,6.1,1.9,2.6,5.4,6,13.6,21.8,0,0,0,4,0.22739726,1,3/21/1998,80
346,346.1998,19,1998,19_1998,6/19/1998,168,734000,4074000,0.7,0.7,0.4,0.5,0,0,5,5,310,24.23,6.1,5.44,35,6,2894,447,225,29,59.72,15.37,2.38,0.52,22,0.74,193,15,2.17,2.91,627,183,141,117,76,80,20,92,48,NA,18,101,163,22.7,25.4,24,21.8,14.9,6.1,1.9,2.6,5.4,6,13.6,21.8,0,0,0,2,1.246575342,0,,
350,350.1998,20,1998,20_1998,6/20/1998,169,733000,4081000,0.8,0.7,0.5,0.5,0,0,10,2,190,21.93,5.7,5.06,31,10,2499,420,136,60,56.98,15.96,1.59,1.19,24.3,0.85,244,41,2.97,4.6,577,183,141,117,76,80,20,92,48,NA,18,101,163,22.7,25.4,24,21.8,14.9,6.1,1.9,2.6,5.4,6,13.6,21.8,0,0,0,3,0.246575342,1,3/22/1998,81
205,205.1999,1,1999,1_1999,6/1/1999,150,727000,4080000,0.7,1.2,0.5,1,0,0,15,3,298,25.86,7,6.78,70,18,3875,524,450,93,74.92,16.89,2.23,1.56,0,0.94,137,61,2.94,4.51,538,49,176,26,138,210,103,41,61,53,87,146,162,24.8,27,26.8,25.1,15.8,11,3.3,3.8,8.2,7.7,15.3,19,1,1,5.621917808,1,1.339726027,0,,
206,206.1999,2,1999,2_1999,6/3/1999,152,730000,4076000,0.8,1.2,0.9,4,0,0,5,1,296,19.42,6.6,5.05,29,10,2731,372,328,34,70.31,15.96,2.17,0.76,6,0.63,124,50,1.96,5.57,496,49,176,26,138,210,103,41,61,53,87,146,162,24.8,27,26.8,25.1,15.8,11,3.3,3.8,8.2,7.7,15.3,19,1,1,3.035616438,1,4.180821918,0,,
208,208.1999,3,1999,3_1999,6/3/1999,152,728000,4078000,0.9,0.8,0.6,1,0,0,5,5,209,27.67,7.4,5.73,41,10,4204,469,384,263,75.97,14.12,1.78,4.13,0,1.76,85,86,2.32,2.09,479,49,176,26,138,210,103,41,61,53,87,146,162,24.8,27,26.8,25.1,15.8,11,3.3,3.8,8.2,7.7,15.3,19,1,1,5.62739726,1,3.468493151,0,,
220,220.1999,4,1999,4_1999,6/1/1999,150,728000,4080000,0.7,0.6,0.5,1,0,0,15,4,110,24.22,6.7,5.72,28,11,3649,386,266,43,75.33,13.28,1.41,0.77,4.5,0.78,200,70,2.54,3.15,514,49,176,26,138,210,103,41,61,53,87,146,162,24.8,27,26.8,25.1,15.8,11,3.3,3.8,8.2,7.7,15.3,19,1,1,5.621917808,1,4.701369863,0,,
222,222.1999,5,1999,5_1999,6/3/1999,152,729000,4077000,0.8,0.9,0.6,1,0,0,0,2,46,19.26,6,5.05,25,10,2367,329,486,30,61.45,14.24,3.24,0.68,15,0.74,175,58,2.33,3.79,541,49,176,26,138,210,103,41,61,53,87,146,162,24.8,27,26.8,25.1,15.8,11,3.3,3.8,8.2,7.7,15.3,19,1,1,3.035616438,2,3.131506849,0,,
226,226.1999,6,1999,6_1999,6/2/1999,151,729000,4078000,0.7,0.8,0.7,5,0,0,1,4,222,20.37,5.8,5.6,27,12,2228,393,282,31,54.69,16.08,1.77,0.66,21,0.78,220,28,2,4.89,576,49,176,26,138,210,103,41,61,53,87,146,162,24.8,27,26.8,25.1,15.8,11,3.3,3.8,8.2,7.7,15.3,19,1,1,3.260273973,1,4.178082192,0,,
238,238.1999,7,1999,7_1999,6/3/1999,152,732000,4075000,0.6,0.6,0.2,0.5,0,1,30,5,35,14.36,6.1,3.92,22,10,1919,210,190,19,66.82,12.19,1.7,0.58,13.5,0.56,159,22,1.48,2.83,542,49,176,26,138,210,103,41,61,53,87,146,162,24.8,27,26.8,25.1,15.8,11,3.3,3.8,8.2,7.7,15.3,19,0,0,0.284931507,1,0.15890411,1,4/6/1999,96
244,244.1999,8,1999,8_1999,6/8/1999,157,731000,4074000,1,0.9,0.4,0.5,0,0,0,1,270,15.22,5.9,3.68,23,9,1709,308,312,26,56.14,16.86,2.63,0.74,18,0.6,135,18,1.21,2.59,611,49,176,26,138,210,103,41,61,53,87,146,162,24.8,27,26.8,25.1,15.8,11,3.3,3.8,8.2,7.7,15.3,19,0,0,0.298630137,0,5.194520548,0,,
254,254.1999,9,1999,9_1999,6/8/1999,157,734000,4071000,1,0.8,0.4,0.5,0,0,10,5,122,21.6,6.8,5.34,29,10,3380,299,328,34,78.24,11.54,1.95,0.68,3,1.09,261,59,2.65,3.57,437,49,176,26,138,210,103,41,61,53,87,146,162,24.8,27,26.8,25.1,15.8,11,3.3,3.8,8.2,7.7,15.3,19,0,0,0,3,0.17260274,1,4/6/1999,96
259,259.1999,10,1999,10_1999,6/3/1999,152,734000,4073000,0.5,0.5,0,0,0,0.5,20,2,28,26.4,6.4,5.91,27,12,3890,296,526,25,73.67,9.34,2.55,0.41,9,0.76,95,99,1.87,3.29,664,49,176,26,138,210,103,41,61,53,87,146,162,24.8,27,26.8,25.1,15.8,11,3.3,3.8,8.2,7.7,15.3,19,0,0,0,2,0.15890411,1,4/6/1999,96
303,303.1999,11,1999,11_1999,6/4/1999,153,731000,4082000,0.7,0.6,0.3,1,0,0,30,4,44,15.23,5.9,3.98,24,10,1822,231,396,21,59.82,12.64,3.33,0.6,18,0.65,108,41,1.67,3.58,613,49,176,26,138,210,103,41,61,53,87,146,162,24.8,27,26.8,25.1,15.8,11,3.3,3.8,8.2,7.7,15.3,19,0,0,0,3,1.202739726,0,,
307,307.1999,12,1999,12_1999,6/8/1999,157,731000,4079000,0.7,0.6,0,0,0,0,10,3,270,16.79,6,3.79,26,9,2002,350,214,38,59.62,17.37,1.63,0.98,15,1.1,193,32,1.45,1.48,651,49,176,26,138,210,103,41,61,53,87,146,162,24.8,27,26.8,25.1,15.8,11,3.3,3.8,8.2,7.7,15.3,19,0,0,0,3,1.21369863,0,,
308,308.1999,13,1999,13_1999,6/2/1999,151,730000,4086000,0.6,0.8,0.6,1,0,0,0.5,7,126,29.93,6.4,8.15,32,13,4203,462,576,31,70.21,12.86,2.47,0.45,9,1.05,172,54,3.11,4.88,567,49,176,26,138,210,103,41,61,53,87,146,162,24.8,27,26.8,25.1,15.8,11,3.3,3.8,8.2,7.7,15.3,19,0,0,0,4,0.191780822,1,3/24/1999,83
309,309.1999,14,1999,14_1999,6/2/1999,151,731000,4086000,0.6,0.7,0.5,2,0,10,25,8,120,15.12,5.7,5.18,28,12,1598,249,248,46,52.84,13.72,2.1,1.32,24,0.73,263,23,1.71,2.93,654,49,176,26,138,210,103,41,61,53,87,146,162,24.8,27,26.8,25.1,15.8,11,3.3,3.8,8.2,7.7,15.3,19,0,0,0,4,0.191780822,1,3/24/1999,83
317,317.1999,15,1999,15_1999,6/4/1999,153,733000,4079000,0.7,0.6,0.3,1,0,0.5,5,5,125,19.8,6.6,5.81,28,10,2951,295,248,29,74.52,12.42,1.61,0.64,6,0.9,234,46,1.83,3.24,459,49,176,26,138,210,103,41,61,53,87,146,162,24.8,27,26.8,25.1,15.8,11,3.3,3.8,8.2,7.7,15.3,19,0,0,0,3,1.202739726,0,,
319,319.1999,16,1999,16_1999,6/4/1999,153,734000,4079000,0.5,0.6,0,0,0,0,10,1,160,24.22,6.4,5.79,25,11,3524,303,462,21,72.75,10.43,2.45,0.38,9,0.75,105,55,2.09,3.07,490,49,176,26,138,210,103,41,61,53,87,146,162,24.8,27,26.8,25.1,15.8,11,3.3,3.8,8.2,7.7,15.3,19,0,0,0,3,1.202739726,0,,
331,331.1999,17,1999,17_1999,6/9/1999,158,738000,4069000,0.8,0.5,0.7,0.5,0,0.5,5,2,300,7.1,5.7,1.91,20,16,819,78,112,19,57.68,9.15,2.02,1.16,24,0.34,173,23,0.71,3.88,460,49,176,26,138,210,103,41,61,53,87,146,162,24.8,27,26.8,25.1,15.8,11,3.3,3.8,8.2,7.7,15.3,19,0,0,0,1,4.180821918,0,,
343,343.1999,18,1999,18_1999,6/9/1999,158,734000,4083000,0.8,0.7,0.4,0.5,0,0,2,2,43,15.36,5.9,4.05,24,15,1725,308,348,22,56.15,16.71,2.9,0.62,18,0.67,178,34,1.41,2.41,568,49,176,26,138,210,103,41,61,53,87,146,162,24.8,27,26.8,25.1,15.8,11,3.3,3.8,8.2,7.7,15.3,19,0,0,0,3,1.219178082,0,,
346,346.1999,19,1999,19_1999,6/3/1999,152,734000,4074000,0.5,0.6,0,0,0,0.5,30,5,310,22.38,6.3,6.79,27,12,2887,418,658,30,64.5,15.56,3.77,0.58,10.5,0.83,155,20,1.69,5.01,516,49,176,26,138,210,103,41,61,53,87,146,162,24.8,27,26.8,25.1,15.8,11,3.3,3.8,8.2,7.7,15.3,19,0,0,0,2,0.15890411,1,4/6/1999,96
350,350.1999,20,1999,20_1999,6/4/1999,153,733000,4081000,0.7,0.5,0.3,0.5,0,0,10,2,190,19.71,5.9,5.36,26,11,2232,386,282,74,56.62,16.32,1.83,1.63,18,0.78,197,40,2.06,4.08,555,49,176,26,138,210,103,41,61,53,87,146,162,24.8,27,26.8,25.1,15.8,11,3.3,3.8,8.2,7.7,15.3,19,0,0,0,3,1.202739726,0,,
205,205.2,1,2000,1_2000,6/10/2000,159,727000,4080000,1.1,0.6,0.4,1,0,0,0.5,3,298,28.8,6.7,7.13,24,19,4618,591,224,48,80.17,17.1,1.99,0.72,0,1.06,134,51,3.58,3.96,641,193,86,55,152,49,4,138,18,65,149,95,160,22.4,26.8,26.3,19.2,15.2,12.4,4.7,2.4,7.3,10.2,14.3,20.6,1,1,6.649315068,1,2.367123288,0,,
206,206.2,2,2000,2_2000,6/23/2000,172,730000,4076000,0.8,1.3,0.9,4,0,0,5,1,296,21.24,6.2,5.95,22,12,3114,407,168,40,73.31,15.97,2.03,0.82,7.89,0.92,169,61,2.5,5.7,565,193,86,55,152,49,4,138,18,65,149,95,160,22.4,26.8,26.3,19.2,15.2,12.4,4.7,2.4,7.3,10.2,14.3,20.6,1,1,4.093150685,0,5.238356164,0,,
208,208.2,3,2000,3_2000,6/8/2000,157,728000,4078000,0.9,1.6,0,0,0,1,2,5,209,31.69,7,6.61,32,10,5001,578,235,291,78.91,15.2,1.9,3.99,0,1.61,107,70,3.06,2.48,478,193,86,55,152,49,4,138,18,65,149,95,160,22.4,26.8,26.3,19.2,15.2,12.4,4.7,2.4,7.3,10.2,14.3,20.6,1,1,6.643835616,1,4.484931507,0,,
220,220.2,4,2000,4_2000,6/8/2000,157,728000,4080000,1,1,0.5,0.5,0,0,5,4,110,25.57,6.8,7.15,24,11,4199,430,146,37,82.11,14.01,1.46,0.63,1.79,1.08,293,68,3.3,4.27,558,193,86,55,152,49,4,138,18,65,149,95,160,22.4,26.8,26.3,19.2,15.2,12.4,4.7,2.4,7.3,10.2,14.3,20.6,1,1,6.643835616,0,5.723287671,0,,
222,222.2,5,2000,5_2000,6/10/2000,159,729000,4077000,0.8,1,0.4,0.5,0,0,15,2,46,17.38,5.5,5.63,18,12,2666,357,204,22,76.7,17.12,3.01,0.55,2.64,0.75,162,55,2.53,3.9,608,193,86,55,152,49,4,138,18,65,149,95,160,22.4,26.8,26.3,19.2,15.2,12.4,4.7,2.4,7.3,10.2,14.3,20.6,1,1,4.057534247,2,0.531506849,1,11/29/1999,333
226,226.2,6,2000,6_2000,6/8/2000,157,729000,4078000,1,1,0.5,1,0,0,15,4,222,22.7,6,6.39,21,12,2584,472,147,31,56.92,17.33,1.66,0.59,23.48,0.8,253,33,2.67,6.27,631,193,86,55,152,49,4,138,18,65,149,95,160,22.4,26.8,26.3,19.2,15.2,12.4,4.7,2.4,7.3,10.2,14.3,20.6,1,1,4.279452055,1,0.526027397,1,11/29/1999,333
238,238.2,7,2000,7_2000,6/14/2000,163,732000,4075000,0.6,0.8,0.3,0.5,0,2,5,5,35,14.72,6.2,4.15,19,11,2162,225,105,21,73.44,12.74,1.83,0.62,11.39,0.66,205,27,1.96,4.12,624,193,86,55,152,49,4,138,18,65,149,95,160,22.4,26.8,26.3,19.2,15.2,12.4,4.7,2.4,7.3,10.2,14.3,20.6,0,1,1.317808219,2,0.205479452,1,3/31/2000,91
244,244.2,8,2000,8_2000,6/8/2000,157,731000,4074000,0.7,0.7,0,0,0,1,1,1,270,14.11,5.9,4.26,20,12,2031,350,192,20,71.97,20.67,3.49,0.62,3.25,0.69,179,23,2.17,3.97,640,193,86,55,152,49,4,138,18,65,149,95,160,22.4,26.8,26.3,19.2,15.2,12.4,4.7,2.4,7.3,10.2,14.3,20.6,0,1,1.301369863,0,6.197260274,0,,
254,254.2,9,2000,9_2000,6/23/2000,172,734000,4071000,1.2,0.9,0.5,0.5,0,0,5,5,122,22.16,7,5.42,27,11,3643,390,199,43,82.2,14.67,2.3,0.84,0,1.27,330,64,3.76,4.33,514,193,86,55,152,49,4,138,18,65,149,95,160,22.4,26.8,26.3,19.2,15.2,12.4,4.7,2.4,7.3,10.2,14.3,20.6,0,0,0,4,0.230136986,1,3/31/2000,91
259,259.2,10,2000,10_2000,6/8/2000,157,734000,4073000,0.4,0.5,0,0,0,0.5,5,2,28,23.93,6.2,6.42,21,12,4049,296,253,25,84.6,10.31,2.71,0.45,1.91,0.89,92,81,2.13,2.67,663,193,86,55,152,49,4,138,18,65,149,95,160,22.4,26.8,26.3,19.2,15.2,12.4,4.7,2.4,7.3,10.2,14.3,20.6,0,0,0,3,0.189041096,1,3/31/2000,91
303,303.2,11,2000,11_2000,6/22/2000,171,731000,4082000,0.9,0.8,0.4,0.5,0,0,5,4,44,13.3,5.8,4.89,18,12,1856,229,136,21,69.77,14.35,2.62,0.69,12.6,0.84,134,39,1.88,3.75,651,193,86,55,152,49,4,138,18,65,149,95,160,22.4,26.8,26.3,19.2,15.2,12.4,4.7,2.4,7.3,10.2,14.3,20.6,0,0,0,3,0.230136986,1,3/30/2000,90
307,307.2,12,2000,12_2000,6/24/2000,173,731000,4079000,0.6,0.6,0.1,0.5,0,0,10,3,270,12.57,5.9,4.9,22,11,1851,342,120,36,73.63,22.67,2.45,1.25,0,0.77,298,45,2.13,3.27,589,193,86,55,152,49,4,138,18,65,149,95,160,22.4,26.8,26.3,19.2,15.2,12.4,4.7,2.4,7.3,10.2,14.3,20.6,0,0,0,2,2.260273973,0,,
308,308.2,13,2000,13_2000,6/22/2000,171,730000,4086000,0.8,0.9,0.3,0.5,0,0,10,7,126,29.55,6.5,8.49,23,13,4911,503,264,30,83.1,14.18,2.29,0.44,0,1.02,135,40,3.56,4.8,599,193,86,55,152,49,4,138,18,65,149,95,160,22.4,26.8,26.3,19.2,15.2,12.4,4.7,2.4,7.3,10.2,14.3,20.6,0,0,0,5,0.257534247,1,3/20/2000,80
309,309.2,14,2000,14_2000,6/22/2000,171,731000,4086000,0.5,0.5,0.4,1,0,10,0,8,120,17.86,5.8,5.38,20,14,1620,320,133,48,45.35,14.93,1.91,1.17,36.66,0.72,294,19,2.07,3.13,760,193,86,55,152,49,4,138,18,65,149,95,160,22.4,26.8,26.3,19.2,15.2,12.4,4.7,2.4,7.3,10.2,14.3,20.6,0,0,0,5,0.257534247,1,3/20/2000,80
317,317.2,15,2000,15_2000,6/8/2000,157,733000,4079000,0.8,0.8,0.2,0.5,0,0.5,5,5,125,22.67,6.8,5.71,22,12,3817,360,177,30,84.19,13.23,2,0.58,0,1.08,267,56,2.56,3.58,541,193,86,55,152,49,4,138,18,65,149,95,160,22.4,26.8,26.3,19.2,15.2,12.4,4.7,2.4,7.3,10.2,14.3,20.6,0,0,0,2,2.216438356,0,,
319,319.2,16,2000,16_2000,6/15/2000,164,734000,4079000,0.8,0.9,0,0,0,0,10,1,160,23.17,6.5,5.76,22,19,3885,336,326,26,83.84,12.08,3.61,0.49,0,0.95,118,61,2.82,4,526,193,86,55,152,49,4,138,18,65,149,95,160,22.4,26.8,26.3,19.2,15.2,12.4,4.7,2.4,7.3,10.2,14.3,20.6,0,0,0,2,2.235616438,0,,
331,331.2,17,2000,17_2000,7/2/2000,181,738000,4069000,0.5,0.5,0.6,10,0,0.5,5,2,300,6.21,5.9,2.43,18,20,1034,90,79,20,83.25,12.08,3.26,1.4,0,0.76,330,46,1.53,6.83,484,193,86,55,152,49,4,138,18,65,149,95,160,22.4,26.8,26.3,19.2,15.2,12.4,4.7,2.4,7.3,10.2,14.3,20.6,0,0,0,0,5.246575342,0,,
343,343.2,18,2000,18_2000,6/23/2000,172,734000,4083000,0.7,0.5,0.5,1,0,0,5,2,43,15.4,5.9,4.49,22,11,2261,365,174,35,73.41,19.75,2.9,0.99,2.97,0.8,298,51,2.37,4.15,747,193,86,55,152,49,4,138,18,65,149,95,160,22.4,26.8,26.3,19.2,15.2,12.4,4.7,2.4,7.3,10.2,14.3,20.6,0,0,0,2,2.260273973,0,,
346,346.2,19,2000,19_2000,6/9/2000,158,734000,4074000,0.6,0.6,0.3,0,0,0.5,20,5,310,20.47,6.1,5.68,21,12,3177,459,232,37,77.6,18.69,2.91,0.79,0,0.98,185,12,2.56,3.04,615,193,86,55,152,49,4,138,18,65,149,95,160,22.4,26.8,26.3,19.2,15.2,12.4,4.7,2.4,7.3,10.2,14.3,20.6,0,0,0,3,0.191780822,1,3/31/2000,91
350,350.2,20,2000,20_2000,6/24/2000,173,733000,4081000,0.7,0.8,0.4,0.5,0,0,5,2,190,19.98,5.9,6.16,22,11,2783,442,153,71,69.64,18.44,1.96,1.55,8.39,0.8,272,49,2.83,4.93,640,193,86,55,152,49,4,138,18,65,149,95,160,22.4,26.8,26.3,19.2,15.2,12.4,4.7,2.4,7.3,10.2,14.3,20.6,0,0,0,2,2.260273973,0,,
205,205.2001,1,2001,1_2001,6/4/2001,153,727000,4080000,0.5,0.6,0.5,1,0,0,10,3,298,23.5,7,6.86,22,12,3595,567,230,48,76.49,20.11,2.51,0.89,0,0.84,109,55,2.4,3.01,566,269,51,0,13,121,44,15,64,101,46,32,146,21.9,25.4,28.6,22.9,16.9,4.7,-3.9,3.1,2.4,6.5,17.7,19.5,1,1,7.632876712,1,3.350684932,0,,
206,206.2001,2,2001,2_2001,6/6/2001,155,730000,4076000,0.3,0.5,0.4,4,0,0,35,1,296,17.56,6.8,5.83,18,16,2759,389,162,25,78.56,18.46,2.37,0.62,0,0.71,121,53,1.51,4.65,501,269,51,0,13,121,44,15,64,101,46,32,146,21.9,25.4,28.6,22.9,16.9,4.7,-3.9,3.1,2.4,6.5,17.7,19.5,1,1,5.046575342,1,0.156164384,1,4/10/2001,100
208,208.2001,3,2001,3_2001,6/13/2001,162,728000,4078000,0.5,0.4,0.6,1,0,0,20,5,209,23.74,7.5,5.72,19,13,3673,474,169,229,77.36,16.64,1.83,4.19,0,1.18,75,56,1.84,1.56,363,269,51,0,13,121,44,15,64,101,46,32,146,21.9,25.4,28.6,22.9,16.9,4.7,-3.9,3.1,2.4,6.5,17.7,19.5,1,1,7.657534247,1,0.542465753,1,11/27/2000,332
220,220.2001,4,2001,4_2001,6/4/2001,153,728000,4080000,0.4,0.5,0.3,0.5,0,0,10,4,110,18.57,7,6.91,19,14,2999,369,144,29,80.75,16.56,1.99,0.68,0,0.91,184,59,2.19,3.39,450,269,51,0,13,121,44,15,64,101,46,32,146,21.9,25.4,28.6,22.9,16.9,4.7,-3.9,3.1,2.4,6.5,17.7,19.5,1,1,7.632876712,1,0.216438356,1,3/17/2001,76
222,222.2001,5,2001,5_2001,6/8/2001,157,729000,4077000,0.8,1,0.5,1,0,0,5,2,46,16.82,6.2,5.46,17,16,2345,354,155,16,69.71,17.54,2.36,0.41,9.96,0.82,123,42,1.78,3.22,526,269,51,0,13,121,44,15,64,101,46,32,146,21.9,25.4,28.6,22.9,16.9,4.7,-3.9,3.1,2.4,6.5,17.7,19.5,1,1,5.052054795,1,1.526027397,0,,
226,226.2001,6,2001,6_2001,6/8/2001,157,729000,4078000,1.3,0.7,0.4,1,0,0,5,4,222,17.96,6.1,5.84,16,14,2231,422,122,19,62.11,19.58,1.74,0.46,16.11,0.82,191,25,1.69,4.38,557,269,51,0,13,121,44,15,64,101,46,32,146,21.9,25.4,28.6,22.9,16.9,4.7,-3.9,3.1,2.4,6.5,17.7,19.5,1,1,5.279452055,1,1.526027397,0,,
238,238.2001,7,2001,7_2001,6/8/2001,157,732000,4075000,0.7,0.6,0.1,0.5,0,2,5,5,35,14.66,6.2,3.97,16,13,1949,207,87,16,66.47,11.77,1.52,0.47,19.74,1.87,160,21,1.33,2.41,592,269,51,0,13,121,44,15,64,101,46,32,146,21.9,25.4,28.6,22.9,16.9,4.7,-3.9,3.1,2.4,6.5,17.7,19.5,0,1,2.301369863,2,1.189041096,0,,
244,244.2001,8,2001,8_2001,6/6/2001,155,731000,4074000,0.6,0.6,0.5,1,0,0,2,1,270,14.44,6,3.64,16,13,1713,307,131,19,59.31,17.72,2.33,0.57,20.04,1.32,134,19,1.39,2.54,537,269,51,0,13,121,44,15,64,101,46,32,146,21.9,25.4,28.6,22.9,16.9,4.7,-3.9,3.1,2.4,6.5,17.7,19.5,0,1,2.295890411,0,7.191780822,0,,
254,254.2001,9,2001,9_2001,6/7/2001,156,734000,4071000,0.7,0.9,0.7,0.5,0,0,5,5,122,18.71,6.7,5.09,19,14,3099,323,159,26,82.82,14.39,2.18,0.6,0,1.18,226,46,2.46,2.89,478,269,51,0,13,121,44,15,64,101,46,32,146,21.9,25.4,28.6,22.9,16.9,4.7,-3.9,3.1,2.4,6.5,17.7,19.5,0,0,0,4,1.18630137,0,,
259,259.2001,10,2001,10_2001,6/7/2001,156,734000,4073000,0.4,0.5,0,0,0,0.5,30,2,28,25,6.4,6.38,17,16,4022,298,262,14,80.44,9.93,2.69,0.24,6.7,0.91,77,77,1.6,2.85,617,269,51,0,13,121,44,15,64,101,46,32,146,21.9,25.4,28.6,22.9,16.9,4.7,-3.9,3.1,2.4,6.5,17.7,19.5,0,0,0,4,0.189041096,1,3/30/2001,89
303,303.2001,11,2001,11_2001,6/12/2001,161,731000,4082000,0.8,0.8,0.5,1,0,0,5,4,44,15.36,6,4.39,16,14,1790,227,133,14,58.27,12.32,2.22,0.4,26.77,0.82,101,35,2.9,2.93,582,269,51,0,13,121,44,15,64,101,46,32,146,21.9,25.4,28.6,22.9,16.9,4.7,-3.9,3.1,2.4,6.5,17.7,19.5,0,0,0,2,1.202739726,0,,
307,307.2001,12,2001,12_2001,6/5/2001,154,731000,4079000,0.4,0.5,0,0,0,0,20,3,270,13.2,6,3.91,17,13,1498,294,96,28,56.74,18.56,1.86,0.92,21.92,0.82,200,30,1.3,2.33,545,269,51,0,13,121,44,15,64,101,46,32,146,21.9,25.4,28.6,22.9,16.9,4.7,-3.9,3.1,2.4,6.5,17.7,19.5,0,0,0,2,0.219178082,1,3/17/2001,76
308,308.2001,13,2001,13_2001,6/4/2001,153,730000,4086000,0.4,0.5,0.4,2,0,0,20,7,126,26.13,6.5,7.04,20,16,4246,447,240,23,81.25,14.26,2.36,0.38,1.75,1.08,110,38,2.58,3.99,547,269,51,0,13,121,44,15,64,101,46,32,146,21.9,25.4,28.6,22.9,16.9,4.7,-3.9,3.1,2.4,6.5,17.7,19.5,0,0,0,5,0.205479452,1,3/21/2001,80
309,309.2001,14,2001,14_2001,6/4/2001,153,731000,4086000,0.4,0.5,0.3,2,0,5,15,8,120,16.5,5.9,5.43,18,16,1554,347,120,46,47.09,17.53,1.86,1.21,32.3,0.71,191,12,1.39,2.24,664,269,51,0,13,121,44,15,64,101,46,32,146,21.9,25.4,28.6,22.9,16.9,4.7,-3.9,3.1,2.4,6.5,17.7,19.5,0,0,0,5,0.205479452,1,3/21/2001,80
317,317.2001,15,2001,15_2001,6/5/2001,154,733000,4079000,0.7,0.7,0.3,0.5,0,1,15,5,125,18.7,6.8,4.62,18,11,3114,321,140,22,83.26,14.3,1.92,0.51,0,1.01,167,47,1.78,2.29,485,269,51,0,13,121,44,15,64,101,46,32,146,21.9,25.4,28.6,22.9,16.9,4.7,-3.9,3.1,2.4,6.5,17.7,19.5,0,0,0,2,0.219178082,1,3/17/2001,76
319,319.2001,16,2001,16_2001,6/12/2001,161,734000,4079000,0.7,1.1,0,0,0,0,15,1,160,21.02,6.2,5.28,17,18,3465,313,220,15,82.42,12.41,2.68,0.31,2.18,0.67,89,42,2.52,2.8,469,269,51,0,13,121,44,15,64,101,46,32,146,21.9,25.4,28.6,22.9,16.9,4.7,-3.9,3.1,2.4,6.5,17.7,19.5,0,0,0,1,3.22739726,0,,
331,331.2001,17,2001,17_2001,6/7/2001,156,738000,4069000,0.5,0.6,0.8,1,0,1,15,2,300,8.45,5.9,2.28,14,22,907,95,61,16,53.67,9.37,1.85,0.82,34.25,0.56,214,23,0.83,5.48,480,269,51,0,13,121,44,15,64,101,46,32,146,21.9,25.4,28.6,22.9,16.9,4.7,-3.9,3.1,2.4,6.5,17.7,19.5,0,0,0,0,6.178082192,0,,
343,343.2001,18,2001,18_2001,6/12/2001,161,734000,4083000,0.8,0.7,0.8,2,0,0,10,2,43,15.35,5.9,3.73,16,13,1660,304,131,15,54.07,16.5,2.19,0.42,26.79,0.77,220,37,2.64,2.93,566,269,51,0,13,121,44,15,64,101,46,32,146,21.9,25.4,28.6,22.9,16.9,4.7,-3.9,3.1,2.4,6.5,17.7,19.5,0,0,0,1,3.230136986,0,,
346,346.2001,19,2001,19_2001,6/7/2001,156,734000,4074000,0.5,0.5,0.4,1,0,0.5,20,5,310,18.33,6.1,4.73,15,11,2388,359,156,23,65.14,16.32,2.18,0.55,15.79,0.7,133,11,1.48,1.87,491,269,51,0,13,121,44,15,64,101,46,32,146,21.9,25.4,28.6,22.9,16.9,4.7,-3.9,3.1,2.4,6.5,17.7,19.5,0,0,0,4,0.189041096,1,3/30/2001,89
350,350.2001,20,2001,20_2001,6/5/2001,154,733000,4081000,0.6,0.5,0.3,0.5,0,0,20,2,190,19.29,6,5.48,16,15,2347,347,115,60,60.83,14.99,1.53,1.35,21.32,0.82,200,32,1.93,3.8,462,269,51,0,13,121,44,15,64,101,46,32,146,21.9,25.4,28.6,22.9,16.9,4.7,-3.9,3.1,2.4,6.5,17.7,19.5,0,0,0,2,0.210958904,1,3/20/2001,79
205,205.2002,1,2002,1_2002,6/3/2002,152,727000,4080000,0.5,0.6,0.5,0.5,0,0,10,3,298,19.61,7,6.89,32,13,3992,538,203,38,75.92,17.05,1.98,0.63,0,1.16,126,48,3.25,4.43,517,24,14,18,43,61,21,24,5,16,19,132,117,23.3,29,27.9,21,15.2,11.4,4.6,2.8,3.8,6.9,15.2,17.8,1,1,8.630136986,1,4.347945205,0,,
206,206.2002,2,2002,2_2002,6/11/2002,160,730000,4076000,0.6,0.5,0.3,0.5,0,0,20,1,296,26.29,6.6,5.57,27,15,3144,396,154,50,80.08,16.81,2.01,1.11,0,0.78,144,56,2.54,5.39,476,24,14,18,43,61,21,24,5,16,19,132,117,23.3,29,27.9,21,15.2,11.4,4.6,2.8,3.8,6.9,15.2,17.8,1,1,6.060273973,1,1.169863014,0,,
208,208.2002,3,2002,3_2002,6/6/2002,155,728000,4078000,0.7,0.6,0.4,0.5,0,0,10,5,209,19.63,7.4,6.17,30,8,4044,559,201,215,76.79,17.69,1.96,3.55,0,1.33,102,61,2.42,2.46,455,24,14,18,43,61,21,24,5,16,19,132,117,23.3,29,27.9,21,15.2,11.4,4.6,2.8,3.8,6.9,15.2,17.8,1,1,8.638356164,1,1.523287671,0,,
220,220.2002,4,2002,4_2002,6/3/2002,152,728000,4080000,0.4,0.5,0.3,0.5,0,0,1,4,110,26.33,7,6.47,26,8,3134,391,143,30,80.65,16.77,1.89,0.67,0,0.86,189,61,2.27,3.38,440,24,14,18,43,61,21,24,5,16,19,132,117,23.3,29,27.9,21,15.2,11.4,4.6,2.8,3.8,6.9,15.2,17.8,1,1,8.630136986,1,1.21369863,0,,
222,222.2002,5,2002,5_2002,6/6/2002,155,729000,4077000,0.6,0.4,0.3,1,0,0,10,2,46,19.43,6.3,6.14,25,11,2912,416,299,41,74.94,17.84,3.95,0.92,2.36,0.76,148,57,2.19,5.11,571,24,14,18,43,61,21,24,5,16,19,132,117,23.3,29,27.9,21,15.2,11.4,4.6,2.8,3.8,6.9,15.2,17.8,1,1,6.046575342,1,2.520547945,0,,
226,226.2002,6,2002,6_2002,6/7/2002,156,729000,4078000,0.6,0.6,0.5,15,0,0,2,4,222,19.43,6,7.06,25,10,2598,485,152,34,63.49,19.75,1.9,0.72,14.14,0.76,256,35,1.96,5.89,601,24,14,18,43,61,21,24,5,16,19,132,117,23.3,29,27.9,21,15.2,11.4,4.6,2.8,3.8,6.9,15.2,17.8,1,1,6.276712329,1,2.523287671,0,,
238,238.2002,7,2002,7_2002,6/11/2002,160,732000,4075000,0.4,0.5,0.2,0.5,0,4,30,5,35,20.46,6.1,4.33,22,8,2198,244,102,31,79.18,14.65,1.88,0.97,3.3,0.66,219,30,2.08,3.87,604,24,14,18,43,61,21,24,5,16,19,132,117,23.3,29,27.9,21,15.2,11.4,4.6,2.8,3.8,6.9,15.2,17.8,0,1,3.309589041,3,0.205479452,1,3/28/2002,87
244,244.2002,8,2002,8_2002,6/9/2002,158,731000,4074000,0.3,0.4,0.2,0.5,0,0,55,1,270,13.88,6.1,4.41,23,11,2067,351,175,24,66.72,18.88,2.9,0.67,10.82,0.62,190,27,1.4,4.26,628,24,14,18,43,61,21,24,5,16,19,132,117,23.3,29,27.9,21,15.2,11.4,4.6,2.8,3.8,6.9,15.2,17.8,0,1,3.304109589,1,0.780821918,1,8/28/2001,240
254,254.2002,9,2002,9_2002,6/6/2002,155,734000,4071000,0.5,0.7,0.3,0.5,0,0,15,5,122,15.49,7.1,6.56,26,9,3739,343,192,28,84.33,12.89,2.22,0.55,0,1.07,243,59,2.67,3.9,377,24,14,18,43,61,21,24,5,16,19,132,117,23.3,29,27.9,21,15.2,11.4,4.6,2.8,3.8,6.9,15.2,17.8,0,0,0,4,0.775342466,1,8/27/2001,239
259,259.2002,10,2002,10_2002,6/3/2002,152,734000,4073000,0.4,0.5,0,0,0,2,4,2,28,22.17,6.2,5.99,24,8,3715,299,197,22,79.58,10.68,2.16,0.41,7.18,0.72,91,72,1.61,2.92,604,24,14,18,43,61,21,24,5,16,19,132,117,23.3,29,27.9,21,15.2,11.4,4.6,2.8,3.8,6.9,15.2,17.8,0,0,0,3,1.178082192,0,,
303,303.2002,11,2002,11_2002,6/17/2002,166,731000,4082000,0.6,0.6,0.3,0.5,0,0,10,4,44,23.34,6,5.1,23,10,2062,273,171,21,64.4,14.21,2.74,0.57,18.08,0.81,135,45,1.61,4.82,624,24,14,18,43,61,21,24,5,16,19,132,117,23.3,29,27.9,21,15.2,11.4,4.6,2.8,3.8,6.9,15.2,17.8,0,0,0,2,2.216438356,0,,
307,307.2002,12,2002,12_2002,6/4/2002,153,731000,4079000,0.5,0.5,0,0,0,0,20,3,270,16.01,6.1,4.86,24,9,2115,415,124,30,65.44,21.4,1.97,0.81,10.37,0.83,260,34,1.65,3.25,610,24,14,18,43,61,21,24,5,16,19,132,117,23.3,29,27.9,21,15.2,11.4,4.6,2.8,3.8,6.9,15.2,17.8,0,0,0.460273973,2,1.216438356,0,,
308,308.2002,13,2002,13_2002,6/10/2002,159,730000,4086000,0.7,0.7,0.3,1,0,0,1,7,126,16.16,6.6,8.43,29,11,4819,526,272,29,80.96,14.73,2.34,0.42,1.54,1.03,128,45,3.02,5.3,535,24,14,18,43,61,21,24,5,16,19,132,117,23.3,29,27.9,21,15.2,11.4,4.6,2.8,3.8,6.9,15.2,17.8,0,0,0,5,0.246575342,1,3/12/2002,71
309,309.2002,14,2002,14_2002,6/10/2002,159,731000,4086000,0.5,0.4,0.3,0.5,0,15,20,8,120,29.76,5.8,4.96,23,8,1649,364,136,46,51.73,19.03,2.19,1.25,25.8,0.78,265,15,1.66,2.38,762,24,14,18,43,61,21,24,5,16,19,132,117,23.3,29,27.9,21,15.2,11.4,4.6,2.8,3.8,6.9,15.2,17.8,0,0,0,5,0.246575342,1,3/12/2002,71
317,317.2002,15,2002,15_2002,6/7/2002,156,733000,4079000,0.7,0.5,0.4,0.5,0,0.5,2,5,125,15.94,6.8,5.91,26,10,3733,363,137,28,84.23,13.65,1.59,0.55,0,1.18,233,53,2,3.32,482,24,14,18,43,61,21,24,5,16,19,132,117,23.3,29,27.9,21,15.2,11.4,4.6,2.8,3.8,6.9,15.2,17.8,0,0,0.468493151,2,1.224657534,0,,
319,319.2002,16,2002,16_2002,6/7/2002,156,734000,4079000,0.5,0.7,0,0,0,0,2,1,160,22.16,6.3,6,28,11,3894,360,251,26,82.22,12.67,2.72,0.48,1.93,0.93,117,60,2.27,3.95,502,24,14,18,43,61,21,24,5,16,19,132,117,23.3,29,27.9,21,15.2,11.4,4.6,2.8,3.8,6.9,15.2,17.8,0,0,0,2,0.197260274,1,3/27/2002,86
331,331.2002,17,2002,17_2002,6/11/2002,160,738000,4069000,0.3,0.4,0.5,1,0,1,20,2,300,23.68,5.9,2.47,21,21,1276,128,111,30,76.68,12.82,3.42,1.57,5.5,0.73,285,38,1.24,8.03,572,24,14,18,43,61,21,24,5,16,19,132,117,23.3,29,27.9,21,15.2,11.4,4.6,2.8,3.8,6.9,15.2,17.8,0,0,0,0,7.189041096,0,,
343,343.2002,18,2002,18_2002,6/17/2002,166,734000,4083000,0.6,0.5,0.4,1,0,0,10,2,43,8.32,6,4.62,23,8,2021,364,173,26,65.74,19.74,2.89,0.74,10.9,0.74,267,45,1.85,3.96,606,24,14,18,43,61,21,24,5,16,19,132,117,23.3,29,27.9,21,15.2,11.4,4.6,2.8,3.8,6.9,15.2,17.8,0,0,0,1,4.243835616,0,,
346,346.2002,19,2002,19_2002,6/3/2002,152,734000,4074000,0.5,0.6,0.4,0.5,0,0.5,30,5,310,15.37,6,6.19,24,8,2965,442,194,33,75.6,18.78,2.54,0.73,2.34,0.97,164,10,1.86,2.79,521,24,14,18,43,61,21,24,5,16,19,132,117,23.3,29,27.9,21,15.2,11.4,4.6,2.8,3.8,6.9,15.2,17.8,0,0,0,4,0.183561644,1,3/28/2002,87
350,350.2002,20,2002,20_2002,6/4/2002,153,733000,4081000,0.6,0.4,0.3,0.5,0,0,20,2,190,19.9,6,5.48,25,10,2546,434,136,71,63.97,18.17,1.75,1.55,14.54,0.7,245,36,2.22,4.3,575,24,14,18,43,61,21,24,5,16,19,132,117,23.3,29,27.9,21,15.2,11.4,4.6,2.8,3.8,6.9,15.2,17.8,0,0,0.460273973,2,1.208219178,0,,
205,205.2003,1,2003,1_2003,6/11/2003,162,727000,4080000,0.5,0.6,0.5,1,0,0,10,3,298,21.8,7,6.53,27,13,3263,463,188,43,74.84,17.7,2.21,0.86,0,0.84,116,57,2.41,3.71,539,87,45,94,115,58,9,42,1,35,118,70,156,23.7,26,25.2,22.4,11.9,7.2,3.3,0.4,1.5,8.1,15.5,19.1,1,1,9.652054795,0,5.369863014,0,,
206,206.2003,2,2003,2_2003,6/16/2003,167,730000,4076000,0.5,0.5,0.4,4,0,0,15,1,296,18.43,6.7,5.5,25,11,2958,355,206,35,80.25,16.05,2.87,0.83,0,0.63,117,50,1.7,4.88,444,87,45,94,115,58,9,42,1,35,118,70,156,23.7,26,25.2,22.4,11.9,7.2,3.3,0.4,1.5,8.1,15.5,19.1,1,1,7.073972603,2,0.232876712,1,3/23/2003,82
208,208.2003,3,2003,3_2003,6/28/2003,179,728000,4078000,0.8,0.5,0.4,1,0,0,2,5,209,26.18,7.3,5.93,29,10,4090,500,208,237,78.11,15.92,2.04,3.94,0,1.18,104,65,2.31,2.8,482,87,45,94,115,58,9,42,1,35,118,70,156,23.7,26,25.2,22.4,11.9,7.2,3.3,0.4,1.5,8.1,15.5,19.1,1,1,9.698630137,1,2.583561644,0,,
220,220.2003,4,2003,4_2003,6/20/2003,171,728000,4080000,0.8,0.5,0.3,1,0,0,1,4,110,22.3,6.9,5.02,23,9,3674,399,133,61,82.38,14.91,1.53,1.19,0,0.71,167,45,2.17,2.33,522,87,45,94,115,58,9,42,1,35,118,70,156,23.7,26,25.2,22.4,11.9,7.2,3.3,0.4,1.5,8.1,15.5,19.1,1,1,9.676712329,1,2.260273973,0,,
222,222.2003,5,2003,5_2003,6/16/2003,167,729000,4077000,0.6,0.6,0.4,1,0,0,20,2,46,18.31,6.2,5.03,25,11,2581,351,257,33,70.48,15.97,3.6,0.78,9.15,0.79,145,46,1.99,3.74,562,87,45,94,115,58,9,42,1,35,118,70,156,23.7,26,25.2,22.4,11.9,7.2,3.3,0.4,1.5,8.1,15.5,19.1,1,1,7.073972603,1,3.547945205,0,,
226,226.2003,6,2003,6_2003,6/16/2003,167,729000,4078000,0.6,0.6,0.4,5,0,0,15,4,222,18.3,6,5.3,27,11,2286,408,165,36,62.46,18.58,2.31,0.86,15.81,0.79,224,31,1.8,5.07,566,87,45,94,115,58,9,42,1,35,118,70,156,23.7,26,25.2,22.4,11.9,7.2,3.3,0.4,1.5,8.1,15.5,19.1,1,1,7.301369863,1,3.547945205,0,,
238,238.2003,7,2003,7_2003,6/12/2003,163,732000,4075000,0.6,0.5,0.1,0.5,0,2,10,5,35,13.66,6.2,3.62,27,10,2145,251,100,29,78.51,15.31,1.88,0.92,3.35,0.66,195,26,1.58,3.84,572,87,45,94,115,58,9,42,1,35,118,70,156,23.7,26,25.2,22.4,11.9,7.2,3.3,0.4,1.5,8.1,15.5,19.1,0,1,4.312328767,3,1.208219178,0,,
244,244.2003,8,2003,8_2003,6/12/2003,163,731000,4074000,0.7,0.5,0.3,1,0,0,15,1,270,14.93,6,3.54,28,10,1973,326,196,38,66.08,18.2,3.37,1.11,11.23,0.66,171,23,1.52,4.07,597,87,45,94,115,58,9,42,1,35,118,70,156,23.7,26,25.2,22.4,11.9,7.2,3.3,0.4,1.5,8.1,15.5,19.1,0,1,4.312328767,1,1.789041096,0,,
254,254.2003,9,2003,9_2003,6/12/2003,163,734000,4071000,0.6,0.7,0.5,1,1,0,5,5,122,21.1,7.1,4.72,29,10,3528,336,193,39,83.6,13.27,2.35,0.8,0,1.03,232,64,2.53,3.41,441,87,45,94,115,58,9,42,1,35,118,70,156,23.7,26,25.2,22.4,11.9,7.2,3.3,0.4,1.5,8.1,15.5,19.1,0,0,0,3,1.791780822,0,,
259,259.2003,10,2003,10_2003,6/13/2003,164,734000,4073000,0.5,0.5,0,0,0,0.5,40,2,28,24.38,6.3,5.75,26,13,3885,298,248,36,79.68,10.19,2.61,0.64,6.87,0.74,110,81,2.11,3.31,634,87,45,94,115,58,9,42,1,35,118,70,156,23.7,26,25.2,22.4,11.9,7.2,3.3,0.4,1.5,8.1,15.5,19.1,0,0,0,4,0.216438356,1,3/26/2003,85
303,303.2003,11,2003,11_2003,6/20/2003,171,731000,4082000,0.4,0.5,0.3,0.5,0,0,20,4,44,15.68,5.8,3.73,24,11,2049,239,164,29,65.34,12.7,2.68,0.8,18.46,0.65,124,44,1.62,3.81,624,87,45,94,115,58,9,42,1,35,118,70,156,23.7,26,25.2,22.4,11.9,7.2,3.3,0.4,1.5,8.1,15.5,19.1,0,0,0,2,0.265753425,1,3/15/2003,74
307,307.2003,12,2003,12_2003,6/17/2003,168,731000,4079000,0.7,0.5,0,0,0,0,5,3,270,14.05,5.9,3.37,27,11,1805,343,106,51,64.23,20.34,1.93,1.58,11.93,0.76,234,32,1.54,2.67,633,87,45,94,115,58,9,42,1,35,118,70,156,23.7,26,25.2,22.4,11.9,7.2,3.3,0.4,1.5,8.1,15.5,19.1,0,1,1.495890411,1,2.252054795,0,,
308,308.2003,13,2003,13_2003,6/17/2003,168,730000,4086000,0.8,0.7,0.4,5,0,0,2,7,126,25.87,6.4,7.04,31,15,4167,453,236,46,80.54,14.59,2.34,0.77,1.77,1.03,141,37,2.84,4.21,598,87,45,94,115,58,9,42,1,35,118,70,156,23.7,26,25.2,22.4,11.9,7.2,3.3,0.4,1.5,8.1,15.5,19.1,0,0,0,5,0.263013699,1,3/13/2003,72
309,309.2003,14,2003,14_2003,6/17/2003,168,731000,4086000,0.4,1,0.2,0.5,0,10,15,8,120,17.98,5.6,3.44,26,12,1834,341,130,70,51,15.8,1.85,1.69,29.64,0.67,252,17,1.65,2.55,807,87,45,94,115,58,9,42,1,35,118,70,156,23.7,26,25.2,22.4,11.9,7.2,3.3,0.4,1.5,8.1,15.5,19.1,0,0,0,5,0.263013699,1,3/13/2003,72
317,317.2003,15,2003,15_2003,6/20/2003,171,733000,4079000,0.6,0.6,0.4,1,0,0.5,2,5,125,17.92,6.8,3.56,30,9,2969,309,110,51,82.84,14.37,1.57,1.24,0,0.95,179,43,1.81,1.93,581,87,45,94,115,58,9,42,1,35,118,70,156,23.7,26,25.2,22.4,11.9,7.2,3.3,0.4,1.5,8.1,15.5,19.1,0,1,1.504109589,1,2.260273973,0,,
319,319.2003,16,2003,16_2003,6/20/2003,171,734000,4079000,0.6,0.6,0,0,0,0,1,1,160,21.49,6.3,5.04,28,13,3535,316,216,38,82.25,12.25,2.58,0.77,2.13,0.76,116,48,2.17,3.18,508,87,45,94,115,58,9,42,1,35,118,70,156,23.7,26,25.2,22.4,11.9,7.2,3.3,0.4,1.5,8.1,15.5,19.1,0,0,0,1,1.232876712,0,,
331,331.2003,17,2003,17_2003,6/13/2003,164,738000,4069000,0.5,0.4,0.7,10,0,0.5,15,2,300,8.59,5.9,2,24,20,1331,127,111,30,77.47,12.32,3.31,1.52,5.33,0.47,227,36,1.18,6.76,507,87,45,94,115,58,9,42,1,35,118,70,156,23.7,26,25.2,22.4,11.9,7.2,3.3,0.4,1.5,8.1,15.5,19.1,0,0,0,0,8.194520548,0,,
343,343.2003,18,2003,18_2003,6/18/2003,169,734000,4083000,0.6,0.4,0.4,3,0,4,0,2,43,12.89,6,4.05,24,11,1657,286,162,30,64.27,18.49,3.22,1.01,13,0.67,232,38,1.65,3.99,550,87,45,94,115,58,9,42,1,35,118,70,156,23.7,26,25.2,22.4,11.9,7.2,3.3,0.4,1.5,8.1,15.5,19.1,0,0,0,0,5.246575342,0,,
346,346.2003,19,2003,19_2003,6/13/2003,164,734000,4074000,0.4,0.5,0.2,1,0,0.5,15,5,310,17.13,6,5.31,29,11,2559,376,217,43,74.69,18.29,3.25,1.09,2.67,0.66,173,14,2.04,3.16,543,87,45,94,115,58,9,42,1,35,118,70,156,23.7,26,25.2,22.4,11.9,7.2,3.3,0.4,1.5,8.1,15.5,19.1,0,0,0,5,0.216438356,1,3/26/2003,85
350,350.2003,20,2003,20_2003,6/11/2003,162,733000,4081000,0.5,0.4,0.4,1,0,0,15,2,190,18.5,5.9,4.5,25,11,2365,375,118,82,63.92,16.89,1.64,1.93,15.64,0.76,214,30,2.13,3.73,556,87,45,94,115,58,9,42,1,35,118,70,156,23.7,26,25.2,22.4,11.9,7.2,3.3,0.4,1.5,8.1,15.5,19.1,0,1,1.479452055,1,2.22739726,0,,
205,205.2004,1,2004,1_2004,6/21/2004,173,727000,4080000,0.8,1,0.4,0.5,0,0,5,3,298,30.95,6.8,6.15,30,8,4813,673,218,59,77.75,18.12,1.81,0.83,1.48,1.08,132,58,4.76,3.12,604,204,20,240,67,71,45,62,60,47,158,96,47,21.9,26.9,26.6,18.9,15.4,8.6,3.8,1,2.6,11,14.9,20.4,1,1,10.68219178,0,6.4,0,,
206,206.2004,2,2004,2_2004,6/21/2004,173,730000,4076000,0.6,0.8,0.4,0.5,0,0,25,1,296,20.37,6.5,5.17,25,9,3154,474,175,46,77.42,19.39,2.2,0.98,0,0.89,140,46,3.75,4.05,506,204,20,240,67,71,45,62,60,47,158,96,47,21.9,26.9,26.6,18.9,15.4,8.6,3.8,1,2.6,11,14.9,20.4,1,1,8.090410959,2,1.249315068,0,,
208,208.2004,3,2004,3_2004,6/8/2004,160,728000,4078000,0.7,0.8,0.5,1,0,0,10,5,209,31.21,7.5,5.73,36,8,4894,621,209,236,78.4,16.58,1.72,3.29,0,1.43,107,65,4.92,2.19,426,204,20,240,67,71,45,62,60,47,158,96,47,21.9,26.9,26.6,18.9,15.4,8.6,3.8,1,2.6,11,14.9,20.4,1,1,10.64657534,1,3.531506849,0,,
220,220.2004,4,2004,4_2004,6/20/2004,172,728000,4080000,0.5,0.8,0.4,0.5,0,0,10,4,110,22.61,7,5.62,28,8,3620,483,140,30,80.05,17.8,1.59,0.58,0,0.92,171,47,2.68,2.76,547,204,20,240,67,71,45,62,60,47,158,96,47,21.9,26.9,26.6,18.9,15.4,8.6,3.8,1,2.6,11,14.9,20.4,1,1,10.67945205,2,0.273972603,1,3/12/2004,72
222,222.2004,5,2004,5_2004,6/8/2004,160,729000,4077000,0.8,0.9,0.3,1,0,0,15,2,46,15.8,6.2,5.28,21,7,2456,360,167,22,77.72,18.99,2.71,0.61,0,0.62,124,37,2.79,2.82,585,204,20,240,67,71,45,62,60,47,158,96,47,21.9,26.9,26.6,18.9,15.4,8.6,3.8,1,2.6,11,14.9,20.4,1,1,8.054794521,1,4.528767123,0,,
226,226.2004,6,2004,6_2004,6/8/2004,160,729000,4078000,0.8,0.7,0.5,5,0,0,5,4,222,21.03,6,5.78,25,9,2475,489,125,34,58.84,19.38,1.52,0.7,19.55,0.71,224,23,2.32,4.63,629,204,20,240,67,71,45,62,60,47,158,96,47,21.9,26.9,26.6,18.9,15.4,8.6,3.8,1,2.6,11,14.9,20.4,1,1,8.282191781,1,4.528767123,0,,
238,238.2004,7,2004,7_2004,6/13/2004,165,732000,4075000,0.5,0.5,0.3,0.5,0,5,20,5,35,13.45,6.1,4.12,24,7,2187,257,101,26,81.3,15.92,1.93,0.84,0,0.74,181,19,1.64,2.53,647,204,20,240,67,71,45,62,60,47,158,96,47,21.9,26.9,26.6,18.9,15.4,8.6,3.8,1,2.6,11,14.9,20.4,0,1,5.317808219,2,2.21369863,0,,
244,244.2004,8,2004,8_2004,6/13/2004,165,731000,4074000,0.6,0.5,0.3,0.5,0,2,25,1,270,20.45,6.4,3.75,28,7,2874,462,172,26,70.27,18.83,2.16,0.55,8.2,0.65,149,16,1.79,2.04,719,204,20,240,67,71,45,62,60,47,158,96,47,21.9,26.9,26.6,18.9,15.4,8.6,3.8,1,2.6,11,14.9,20.4,0,1,5.317808219,1,2.794520548,0,,
254,254.2004,9,2004,9_2004,6/13/2004,165,734000,4071000,1.8,0.8,0.5,1,0,0,2,5,122,23.32,6.8,4.69,32,7,3889,384,192,41,83.38,13.72,2.11,0.76,0,1.21,283,55,3.11,2.93,509,204,20,240,67,71,45,62,60,47,158,96,47,21.9,26.9,26.6,18.9,15.4,8.6,3.8,1,2.6,11,14.9,20.4,0,0,0,2,2.797260274,0,,
259,259.2004,10,2004,10_2004,6/21/2004,173,734000,4073000,0.6,0.6,0,0,0,0,3,2,28,27.28,6.2,5.98,25,8,4182,327,250,25,76.65,9.99,2.35,0.4,10.61,0.86,90,96,1.85,2.61,698,204,20,240,67,71,45,62,60,47,158,96,47,21.9,26.9,26.6,18.9,15.4,8.6,3.8,1,2.6,11,14.9,20.4,0,0,0.016438356,3,1.24109589,0,,
303,303.2004,11,2004,11_2004,6/14/2004,166,731000,4082000,0.7,0.6,0.4,1,0,0,15,4,44,14.32,5.8,3.9,22,7,1989,268,142,24,69.45,15.6,2.54,0.73,11.7,0.72,124,33,1.69,2.57,691,204,20,240,67,71,45,62,60,47,158,96,47,21.9,26.9,26.6,18.9,15.4,8.6,3.8,1,2.6,11,14.9,20.4,0,0,0,3,0.238356164,1,3/19/2004,79
307,307.2004,12,2004,12_2004,6/14/2004,166,731000,4079000,0.6,0.5,0,0,0,0,2,3,270,17.68,6,3.88,27,6,1950,402,99,50,55.15,18.95,1.44,1.23,23.26,0.78,305,34,1.75,2.12,658,204,20,240,67,71,45,62,60,47,158,96,47,21.9,26.9,26.6,18.9,15.4,8.6,3.8,1,2.6,11,14.9,20.4,0,1,2.490410959,1,3.246575342,0,,
308,308.2004,13,2004,13_2004,6/12/2004,164,730000,4086000,0.6,0.6,0.5,1,0,0,2,7,126,27.92,6.4,8.07,28,9,4614,495,229,32,82.63,14.77,2.1,0.5,0,1.19,124,43,2.97,4.36,581,204,20,240,67,71,45,62,60,47,158,96,47,21.9,26.9,26.6,18.9,15.4,8.6,3.8,1,2.6,11,14.9,20.4,0,0,0,5,0.252054795,1,3/12/2004,72
309,309.2004,14,2004,14_2004,6/12/2004,164,731000,4086000,0.5,0.8,0.4,1,0,10,15,8,120,19.08,5.7,4.13,27,7,1694,410,119,79,44.39,17.91,1.6,1.8,34.32,0.85,246,8,1.57,1.79,919,204,20,240,67,71,45,62,60,47,158,96,47,21.9,26.9,26.6,18.9,15.4,8.6,3.8,1,2.6,11,14.9,20.4,0,0,0,5,0.252054795,1,3/12/2004,72
317,317.2004,15,2004,15_2004,6/12/2004,164,733000,4079000,0.7,0.7,0.3,0.5,0,0.5,10,5,125,20.33,6.7,4.83,26,6,3394,350,116,34,83.47,14.35,1.46,0.73,0,1.07,176,39,1.81,2.17,500,204,20,240,67,71,45,62,60,47,158,96,47,21.9,26.9,26.6,18.9,15.4,8.6,3.8,1,2.6,11,14.9,20.4,0,1,2.484931507,2,0.260273973,1,3/9/2004,69
319,319.2004,16,2004,16_2004,6/12/2004,164,734000,4079000,0.5,0.6,0,0,0,0,5,1,160,23.91,6.3,6.42,27,9,3723,347,240,25,77.85,12.09,2.57,0.45,7.01,0.86,102,45,2.22,2.74,500,204,20,240,67,71,45,62,60,47,158,96,47,21.9,26.9,26.6,18.9,15.4,8.6,3.8,1,2.6,11,14.9,20.4,0,0,0,1,2.21369863,0,,
331,331.2004,17,2004,17_2004,6/20/2004,172,738000,4069000,0.5,0.4,0.8,3,0,0.5,10,2,300,5.33,5.6,1.99,22,19,810,101,127,27,75.98,15.79,6.11,2.2,0,0.61,233,24,0.88,4.69,543,204,20,240,67,71,45,62,60,47,158,96,47,21.9,26.9,26.6,18.9,15.4,8.6,3.8,1,2.6,11,14.9,20.4,0,0,0,0,9.216438356,0,,
343,343.2004,18,2004,18_2004,6/20/2004,172,734000,4083000,0.8,0.4,0.5,3,0,0,10,2,43,16.09,6,4.02,23,6,1913,378,130,35,59.45,19.58,2.07,0.95,17.99,0.7,205,31,1.83,2.37,648,204,20,240,67,71,45,62,60,47,158,96,47,21.9,26.9,26.6,18.9,15.4,8.6,3.8,1,2.6,11,14.9,20.4,0,0,0,0,6.254794521,0,,
346,346.2004,19,2004,19_2004,6/21/2004,173,734000,4074000,0.5,0.4,0.4,0.5,0,0,3,5,310,18.93,6.1,5.93,25,7,2837,434,198,37,74.93,19.11,2.68,0.85,2.42,0.92,154,9,1.87,2.06,564,204,20,240,67,71,45,62,60,47,158,96,47,21.9,26.9,26.6,18.9,15.4,8.6,3.8,1,2.6,11,14.9,20.4,0,0,0.016438356,4,1.24109589,0,,
350,350.2004,20,2004,20_2004,6/14/2004,166,733000,4081000,0.6,0.6,0.4,0.5,0,0,25,2,190,22.99,6,4.71,25,7,2622,450,116,115,57.02,16.31,1.29,2.17,23.18,0.69,208,26,2.29,2.84,594,204,20,240,67,71,45,62,60,47,158,96,47,21.9,26.9,26.6,18.9,15.4,8.6,3.8,1,2.6,11,14.9,20.4,0,1,2.490410959,2,0.265753425,1,3/9/2004,69
205,205.2005,1,2005,1_2005,6/7/2005,158,727000,4080000,1,0.7,0.4,1,0,0,5,3,298,28.83,6.8,6.75,26,12,4536,599,194,46,78.67,17.31,1.73,0.69,1.59,1.02,113,40,2.97,2.9,618,132,106,59,13,138,116,19,94,38,40,34,82,22.2,24.6,25.1,22.2,16.3,9.2,3.7,1.2,6.1,9,15,19.2,1,1,11.64383562,0,7.361643836,0,,
206,206.2005,2,2005,2_2005,6/22/2005,173,730000,4076000,0.5,0.7,0.5,0.5,0,0.5,10,1,296,21.84,6.7,4.99,23,11,3210,435,140,30,73.49,16.6,1.64,0.6,7.67,0.77,132,53,1.79,3.67,544,132,106,59,13,138,116,19,94,38,40,34,82,22.2,24.6,25.1,22.2,16.3,9.2,3.7,1.2,6.1,9,15,19.2,1,1,9.093150685,2,2.252054795,0,,
208,208.2005,3,2005,3_2005,6/22/2005,173,728000,4078000,0.5,0.5,0.4,0.5,0,0.5,25,5,209,30.02,7.2,6.41,31,10,4623,600,197,322,77,16.66,1.68,4.66,0,1.61,96,70,2.65,2.2,508,132,106,59,13,138,116,19,94,38,40,34,82,22.2,24.6,25.1,22.2,16.3,9.2,3.7,1.2,6.1,9,15,19.2,1,1,11.68493151,2,0.534246575,1,12/9/2004,344
220,220.2005,4,2005,4_2005,6/7/2005,158,728000,4080000,1,0.8,0.2,0.5,0,0,10,4,110,21.79,7,6.05,26,12,3518,445,138,31,80.73,17.02,1.62,0.62,0,0.96,151,47,2.61,2.79,484,132,106,59,13,138,116,19,94,38,40,34,82,22.2,24.6,25.1,22.2,16.3,9.2,3.7,1.2,6.1,9,15,19.2,1,1,11.64383562,2,1.238356164,0,,
222,222.2005,5,2005,5_2005,6/23/2005,174,729000,4077000,0.8,0.7,0.4,1,0,0.5,10,2,46,21.43,6.2,4.95,23,10,2686,384,222,28,62.67,14.93,2.66,0.57,19.19,0.69,133,45,2.28,3.03,611,132,106,59,13,138,116,19,94,38,40,34,82,22.2,24.6,25.1,22.2,16.3,9.2,3.7,1.2,6.1,9,15,19.2,1,1,9.095890411,0,5.569863014,0,,
226,226.2005,6,2005,6_2005,6/22/2005,173,729000,4078000,0.6,1.1,0.6,4,0,0,2,4,222,22.35,6,5.54,24,10,2503,481,131,36,56,17.93,1.5,0.7,23.85,0.72,218,27,2.1,4.15,647,132,106,59,13,138,116,19,94,38,40,34,82,22.2,24.6,25.1,22.2,16.3,9.2,3.7,1.2,6.1,9,15,19.2,1,1,9.320547945,0,5.567123288,0,,
238,238.2005,7,2005,7_2005,6/21/2005,172,732000,4075000,0.6,0.5,0.1,1,0,5,20,5,35,16.26,6.2,3.63,21,10,2183,248,113,21,67.13,12.71,1.78,0.56,17.8,0.84,163,20,1.85,2.85,588,132,106,59,13,138,116,19,94,38,40,34,82,22.2,24.6,25.1,22.2,16.3,9.2,3.7,1.2,6.1,9,15,19.2,0,1,6.339726027,2,0.517808219,1,12/14/2004,349
244,244.2005,8,2005,8_2005,6/22/2005,173,731000,4074000,0.5,0.5,0.2,0.5,0,0.5,30,1,270,17.38,6.2,3.88,28,10,2292,430,184,44,65.94,20.62,2.71,1.1,9.64,0.71,141,19,1.49,2.64,656,132,106,59,13,138,116,19,94,38,40,34,82,22.2,24.6,25.1,22.2,16.3,9.2,3.7,1.2,6.1,9,15,19.2,0,1,6.342465753,2,0.534246575,1,12/9/2004,344
254,254.2005,9,2005,9_2005,6/21/2005,172,734000,4071000,0.5,0.7,0.4,0.5,0,0,5,5,122,25.5,6.9,5.43,29,10,4349,373,182,41,85.27,12.19,1.83,0.7,0,1.26,206,53,2.9,2.97,440,132,106,59,13,138,116,19,94,38,40,34,82,22.2,24.6,25.1,22.2,16.3,9.2,3.7,1.2,6.1,9,15,19.2,0,0,0,2,0.780821918,1,9/9/2004,253
259,259.2005,10,2005,10_2005,6/8/2005,159,734000,4073000,0.7,0.5,0,0,0,0.5,4,2,28,28.47,6.1,6.4,25,10,4395,337,259,29,77.19,9.86,2.33,0.44,10.17,0.89,82,81,1.84,2.29,683,132,106,59,13,138,116,19,94,38,40,34,82,22.2,24.6,25.1,22.2,16.3,9.2,3.7,1.2,6.1,9,15,19.2,0,1,0.980821918,2,2.205479452,0,,
303,303.2005,11,2005,11_2005,6/16/2005,167,731000,4082000,0.5,0.5,0.2,0.5,0,0,15,4,44,18.3,6,4.34,21,10,2021,271,196,24,55.22,12.34,2.75,0.57,29.13,0.84,115,35,1.72,4.34,656,132,106,59,13,138,116,19,94,38,40,34,82,22.2,24.6,25.1,22.2,16.3,9.2,3.7,1.2,6.1,9,15,19.2,0,0,0,3,0.205479452,1,4/2/2005,92
307,307.2005,12,2005,12_2005,6/15/2005,166,731000,4079000,0.5,0.6,0,0,0,0,10,3,270,16.42,6,3.98,22,9,1964,387,128,36,59.81,19.64,2,0.95,17.62,0.71,242,30,1.68,2.31,618,132,106,59,13,138,116,19,94,38,40,34,82,22.2,24.6,25.1,22.2,16.3,9.2,3.7,1.2,6.1,9,15,19.2,0,1,3.493150685,2,0.78630137,1,9/1/2004,245
308,308.2005,13,2005,13_2005,6/14/2005,165,730000,4086000,0.7,0.5,0.5,0.5,0,0,10,7,126,31.88,6.4,8.65,29,13,4714,517,391,25,73.93,13.51,3.14,0.34,9.08,1.05,117,51,3.09,5,542,132,106,59,13,138,116,19,94,38,40,34,82,22.2,24.6,25.1,22.2,16.3,9.2,3.7,1.2,6.1,9,15,19.2,0,0,0,5,0.252054795,1,3/14/2005,73
309,309.2005,14,2005,14_2005,6/14/2005,165,731000,4086000,0.4,0.7,0.3,0.5,0,10,25,8,120,18.55,5.7,4.39,25,10,1644,379,107,80,44.31,17.03,1.48,1.88,35.3,0.76,232,13,1.54,1.78,849,132,106,59,13,138,116,19,94,38,40,34,82,22.2,24.6,25.1,22.2,16.3,9.2,3.7,1.2,6.1,9,15,19.2,0,0,0,5,0.252054795,1,3/14/2005,73
317,317.2005,15,2005,15_2005,6/23/2005,174,733000,4079000,0.6,1,0.4,0.5,0,0.5,5,5,125,21.76,6.6,5.01,29,9,3643,359,125,54,83.71,13.75,1.47,1.08,0,1.13,164,40,1.97,2.28,527,132,106,59,13,138,116,19,94,38,40,34,82,22.2,24.6,25.1,22.2,16.3,9.2,3.7,1.2,6.1,9,15,19.2,0,1,3.515068493,2,1.290410959,0,,
319,319.2005,16,2005,16_2005,6/15/2005,166,734000,4079000,0.5,0.8,0,0,0,0,20,1,160,27.56,6.2,5.99,25,14,4363,388,293,20,79.15,11.73,2.73,0.32,6.08,0.97,112,58,2.49,3.41,542,132,106,59,13,138,116,19,94,38,40,34,82,22.2,24.6,25.1,22.2,16.3,9.2,3.7,1.2,6.1,9,15,19.2,0,0,0,2,0.202739726,1,4/2/2005,92
331,331.2005,17,2005,17_2005,6/23/2005,174,738000,4069000,0.4,0.4,0.5,2,0,2,30,2,300,7.17,6,1.91,20,23,863,93,122,22,60.18,10.81,4.36,1.33,23.38,0.59,198,24,0.86,4.97,494,132,106,59,13,138,116,19,94,38,40,34,82,22.2,24.6,25.1,22.2,16.3,9.2,3.7,1.2,6.1,9,15,19.2,0,0,0,1,0.224657534,1,4/2/2005,92
343,343.2005,18,2005,18_2005,6/16/2005,167,734000,4083000,0.5,0.4,0.6,1,0,0,5,2,43,16.63,6,4.29,23,10,2010,376,161,33,60.43,18.84,2.48,0.86,17.4,0.67,220,41,1.86,3.17,612,132,106,59,13,138,116,19,94,38,40,34,82,22.2,24.6,25.1,22.2,16.3,9.2,3.7,1.2,6.1,9,15,19.2,0,0,0,0,7.243835616,0,,
346,346.2005,19,2005,19_2005,6/8/2005,159,734000,4074000,0.5,0.6,0.4,0.5,0,1,30,5,310,23.1,6,5.48,23,9,3123,468,206,38,67.6,16.88,2.29,0.72,12.53,0.88,148,10,1.93,2.22,576,132,106,59,13,138,116,19,94,38,40,34,82,22.2,24.6,25.1,22.2,16.3,9.2,3.7,1.2,6.1,9,15,19.2,0,1,0.980821918,4,0.482191781,1,12/14/2004,349
350,350.2005,20,2005,20_2005,6/15/2005,166,733000,4081000,0.8,0.6,0.4,0.5,0,0,10,2,190,20.78,6,5.03,22,10,2493,415,104,111,59.99,16.64,1.28,2.32,19.79,0.65,195,28,2.16,2.92,560,132,106,59,13,138,116,19,94,38,40,34,82,22.2,24.6,25.1,22.2,16.3,9.2,3.7,1.2,6.1,9,15,19.2,0,1,3.493150685,2,1.268493151,0,,
205,205.2006,1,2006,1_2006,6/14/2006,165,727000,4080000,0.6,1.2,0.5,0.5,0,3,0,3,298,23.73,6.9,6.36,25,17,3826,477,179,38,80.62,16.75,1.93,0.7,0,0.97,88,31,2.42,2.54,546,194,95,95,38,61,1,6,23,0,85,159,32,24.4,25.6,25.9,23.4,15.4,10.3,1.3,6.8,3.1,10.3,17.9,20.3,1,1,12.6630137,0,8.380821918,0,,
206,206.2006,2,2006,2_2006,6/14/2006,165,730000,4076000,0.7,0.7,0.5,1,0,5,0,1,296,17.1,6.7,5.63,23,13,2742,349,143,26,80.18,17.01,2.14,0.66,0,0.87,104,42,1.81,4.01,450,194,95,95,38,61,1,6,23,0,85,159,32,24.4,25.6,25.9,23.4,15.4,10.3,1.3,6.8,3.1,10.3,17.9,20.3,1,1,10.07123288,1,3.230136986,0,,
208,208.2006,3,2006,3_2006,6/4/2006,155,728000,4078000,0.5,0.4,0.4,0.5,0.5,10,0,5,209,25.64,7.2,6.9,28,10,4091,472,175,185,79.78,15.34,1.75,3.14,0,1.15,68,47,2.35,2.58,344,194,95,95,38,61,1,6,23,0,85,159,32,24.4,25.6,25.9,23.4,15.4,10.3,1.3,6.8,3.1,10.3,17.9,20.3,1,1,12.63561644,1,1.484931507,0,,
220,220.2006,4,2006,4_2006,6/14/2006,165,728000,4080000,0.7,1,0.5,1,0,5,0,4,110,18.7,7.1,6.13,24,10,3047,363,131,25,81.47,16.18,1.8,0.58,0,0.82,131,44,2.23,2.47,419,194,95,95,38,61,1,6,23,0,85,159,32,24.4,25.6,25.9,23.4,15.4,10.3,1.3,6.8,3.1,10.3,17.9,20.3,1,1,12.6630137,1,2.257534247,0,,
222,222.2006,5,2006,5_2006,6/4/2006,155,729000,4077000,0.5,0.6,0.4,1,0,4,0,2,46,15.66,6.1,5.77,22,15,2167,307,195,20,69.19,16.34,3.19,0.56,10.7,0.79,101,40,2.51,3.39,465,194,95,95,38,61,1,6,23,0,85,159,32,24.4,25.6,25.9,23.4,15.4,10.3,1.3,6.8,3.1,10.3,17.9,20.3,1,1,10.04383562,1,0.194520548,1,3/25/2006,84
226,226.2006,6,2006,6_2006,6/4/2006,155,729000,4078000,0.5,0.5,0.4,10,0.5,30,0,4,222,16.26,6.1,5.77,21,15,2176,394,128,22,66.91,20.19,2.02,0.59,10.31,0.63,171,23,2.68,4.46,502,194,95,95,38,61,1,6,23,0,85,159,32,24.4,25.6,25.9,23.4,15.4,10.3,1.3,6.8,3.1,10.3,17.9,20.3,1,1,10.27123288,1,0.194520548,1,3/25/2006,84
238,238.2006,7,2006,7_2006,6/13/2006,164,732000,4075000,0.5,0.5,0.5,0,1,30,0,5,35,11.14,6.3,4.01,21,12,1819,205,100,19,81.64,15.34,2.3,0.74,0,0.75,145,19,1.42,2.9,447,194,95,95,38,61,1,6,23,0,85,159,32,24.4,25.6,25.9,23.4,15.4,10.3,1.3,6.8,3.1,10.3,17.9,20.3,0,1,7.317808219,2,1.495890411,0,,
244,244.2006,8,2006,8_2006,6/13/2006,164,731000,4074000,0.4,0.5,0.4,0.5,0.5,10,0,1,270,13.08,6.1,3.97,23,10,1875,324,182,19,71.67,20.64,3.57,0.63,3.5,0.84,138,16,1.28,3.26,534,194,95,95,38,61,1,6,23,0,85,159,32,24.4,25.6,25.9,23.4,15.4,10.3,1.3,6.8,3.1,10.3,17.9,20.3,0,1,7.317808219,2,1.509589041,0,,
254,254.2006,9,2006,9_2006,6/14/2006,165,734000,4071000,0.4,0.8,0.6,1,0,5,0,5,122,20.75,7.1,5.54,27,15,3489,324,181,32,84.07,13.01,2.24,0.67,0,1.15,180,50,2.54,3.42,346,194,95,95,38,61,1,6,23,0,85,159,32,24.4,25.6,25.9,23.4,15.4,10.3,1.3,6.8,3.1,10.3,17.9,20.3,0,0,0,2,1.761643836,0,,
259,259.2006,10,2006,10_2006,6/8/2006,159,734000,4073000,0.6,0.5,0,0,0,2,0,2,28,19.8,6.2,6.75,22,10,3296,261,239,18,83.23,10.98,3.1,0.4,2.31,0.73,74,76,1.55,2.95,544,194,95,95,38,61,1,6,23,0,85,159,32,24.4,25.6,25.9,23.4,15.4,10.3,1.3,6.8,3.1,10.3,17.9,20.3,0,1,1.980821918,1,3.205479452,0,,
303,303.2006,11,2006,11_2006,6/7/2006,158,731000,4082000,0.4,0.5,0.4,1,0,20,0,4,44,13.67,6.1,5.01,21,13,1889,241,185,16,69.09,14.69,3.47,0.51,12.26,0.75,103,41,1.49,4.47,514,194,95,95,38,61,1,6,23,0,85,159,32,24.4,25.6,25.9,23.4,15.4,10.3,1.3,6.8,3.1,10.3,17.9,20.3,0,0,0,4,0.153424658,1,4/12/2006,102
307,307.2006,12,2006,12_2006,6/7/2006,158,731000,4079000,0.5,0.5,0,0,0.5,15,0,3,270,12.31,6.2,5.45,25,13,1738,318,160,23,70.59,21.53,3.33,0.81,3.72,0.77,221,32,2.53,4.55,445,194,95,95,38,61,1,6,23,0,85,159,32,24.4,25.6,25.9,23.4,15.4,10.3,1.3,6.8,3.1,10.3,17.9,20.3,0,1,4.471232877,1,1.764383562,0,,
308,308.2006,13,2006,13_2006,6/7/2006,158,730000,4086000,0.4,0.7,0.3,1,0,25,0,7,126,24.18,6.4,8.4,21,14,3932,407,211,29,81.31,14.03,2.24,0.52,1.89,1.07,108,40,3.66,4.57,497,194,95,95,38,61,1,6,23,0,85,159,32,24.4,25.6,25.9,23.4,15.4,10.3,1.3,6.8,3.1,10.3,17.9,20.3,0,0,0,5,0.202739726,1,3/25/2006,84
309,309.2006,14,2006,14_2006,6/7/2006,158,731000,4086000,0.3,0.4,0.4,1,15,40,0,8,120,12.26,5.7,3.99,26,13,1332,265,113,48,54.32,18.01,2.36,1.7,23.61,0.8,201,14,3.97,2.44,655,194,95,95,38,61,1,6,23,0,85,159,32,24.4,25.6,25.9,23.4,15.4,10.3,1.3,6.8,3.1,10.3,17.9,20.3,0,0,0,5,0.202739726,1,3/25/2006,84
317,317.2006,15,2006,15_2006,6/3/2006,154,733000,4079000,0.4,0.6,0.4,0.5,0.5,5,0,5,125,17.92,6.5,5.09,24,10,3013,292,114,29,84.07,13.58,1.63,0.7,0,1.02,175,38,1.81,3.03,450,194,95,95,38,61,1,6,23,0,85,159,32,24.4,25.6,25.9,23.4,15.4,10.3,1.3,6.8,3.1,10.3,17.9,20.3,0,1,4.460273973,1,2.235616438,0,,
319,319.2006,16,2006,16_2006,6/3/2006,154,734000,4079000,0.6,0.5,0,0,0,3,0,1,160,19.55,6.2,5.65,20,13,3226,283,192,26,82.51,12.06,2.52,0.58,2.34,0.81,101,51,1.95,3.5,441,194,95,95,38,61,1,6,23,0,85,159,32,24.4,25.6,25.9,23.4,15.4,10.3,1.3,6.8,3.1,10.3,17.9,20.3,0,0,0,2,1.169863014,0,,
331,331.2006,17,2006,17_2006,6/8/2006,159,738000,4069000,0.3,0.4,0.6,5,0.5,15,0,2,300,6.31,6,2.07,23,23,1009,101,139,16,79.95,13.34,5.65,1.1,0,0.51,170,29,0.67,5.46,458,194,95,95,38,61,1,6,23,0,85,159,32,24.4,25.6,25.9,23.4,15.4,10.3,1.3,6.8,3.1,10.3,17.9,20.3,0,0,0,1,1.183561644,0,,
343,343.2006,18,2006,18_2006,6/13/2006,164,734000,4083000,0.6,0.5,0.6,5,0,5,0,2,43,11.7,6,4.27,24,11,1679,283,152,23,71.75,20.16,3.33,0.85,3.91,0.66,204,32,1.34,3.47,528,194,95,95,38,61,1,6,23,0,85,159,32,24.4,25.6,25.9,23.4,15.4,10.3,1.3,6.8,3.1,10.3,17.9,20.3,0,0,0,0,8.235616438,0,,
346,346.2006,19,2006,19_2006,6/8/2006,159,734000,4074000,0.5,0.5,0.4,0.5,0.5,15,0,5,310,17.01,6.2,6.15,22,13,2575,361,216,26,75.69,17.69,3.26,0.66,2.69,0.88,166,14,1.45,3.82,538,194,95,95,38,61,1,6,23,0,85,159,32,24.4,25.6,25.9,23.4,15.4,10.3,1.3,6.8,3.1,10.3,17.9,20.3,0,1,1.980821918,3,1.482191781,0,,
350,350.2006,20,2006,20_2006,6/3/2006,154,733000,4081000,0.5,0.5,0.3,0.5,0,25,0,2,190,16.61,5.9,5.03,24,13,2286,357,97,64,68.81,17.91,1.5,1.68,10.09,0.77,211,29,2.18,3.87,561,194,95,95,38,61,1,6,23,0,85,159,32,24.4,25.6,25.9,23.4,15.4,10.3,1.3,6.8,3.1,10.3,17.9,20.3,0,1,4.460273973,1,2.235616438,0,,
205,205.2007,1,2007,1_2007,6/19/2007,170,727000,4080000,0.9,0.9,0.6,2,0,0,5,3,298,23.56,7,6.45,18,10,3504,521,176,49,74.36,18.43,1.92,0.9,0,0.85,127,56,2.79,3.27,610,59,46,74,19,25,28,66,35,26,217,124,168,24.4,27.8,28.2,20.2,14.6,9.5,4,0.2,2.3,13.6,12.8,20.2,1,1,13.67671233,0,9.394520548,0,,
206,206.2007,2,2007,2_2007,6/18/2007,169,730000,4076000,0.6,0.5,0.3,0.5,0,0,10,1,296,18.81,6.5,5.31,17,7,2956,392,228,40,78.58,17.37,3.11,0.92,0,0.65,116,52,1.83,4.39,459,59,46,74,19,25,28,66,35,26,217,124,168,24.4,27.8,28.2,20.2,14.6,9.5,4,0.2,2.3,13.6,12.8,20.2,1,1,11.08219178,2,0.210958904,1,4/2/2007,92
208,208.2007,3,2007,3_2007,6/17/2007,168,728000,4078000,0.6,0.4,0.4,1,0,0.5,10,5,209,26.25,7.6,5.85,17,6,4068,546,180,207,77.49,17.33,1.76,3.43,0,1.16,89,57,2.24,1.78,413,59,46,74,19,25,28,66,35,26,217,124,168,24.4,27.8,28.2,20.2,14.6,9.5,4,0.2,2.3,13.6,12.8,20.2,1,1,13.67123288,1,2.520547945,0,,
220,220.2007,4,2007,4_2007,6/8/2007,159,728000,4080000,0.5,0.6,0.4,1,0,0,15,4,110,19.81,7,5.18,15,6,3155,431,112,35,79.63,18.13,1.45,0.77,0,0.7,146,45,2.53,1.83,518,59,46,74,19,25,28,66,35,26,217,124,168,24.4,27.8,28.2,20.2,14.6,9.5,4,0.2,2.3,13.6,12.8,20.2,1,1,13.64657534,2,0.246575342,1,3/10/2007,69
222,222.2007,5,2007,5_2007,6/8/2007,159,729000,4077000,0.6,0.8,0.4,1,0,0,15,2,46,16.5,6.3,5.06,14,7,2570,372,177,22,77.88,18.79,2.75,0.58,0,0.72,110,41,1.96,3.5,521,59,46,74,19,25,28,66,35,26,217,124,168,24.4,27.8,28.2,20.2,14.6,9.5,4,0.2,2.3,13.6,12.8,20.2,1,1,11.05479452,1,1.205479452,0,,
226,226.2007,6,2007,6_2007,6/17/2007,168,729000,4078000,1,1,0.4,2,0,0,5,4,222,17.51,6,5.7,16,7,2331,448,118,34,66.56,21.32,1.73,0.84,9.57,0.84,200,37,1.94,5.31,546,59,46,74,19,25,28,66,35,26,217,124,168,24.4,27.8,28.2,20.2,14.6,9.5,4,0.2,2.3,13.6,12.8,20.2,1,1,11.30684932,1,1.230136986,0,,
238,238.2007,7,2007,7_2007,6/19/2007,170,732000,4075000,0.6,0.4,0.5,0,0,5,10,5,35,12.21,6.3,3.88,16,6,1979,234,92,29,81.04,15.97,1.93,1.03,0,0.67,161,24,1.52,3.11,514,59,46,74,19,25,28,66,35,26,217,124,168,24.4,27.8,28.2,20.2,14.6,9.5,4,0.2,2.3,13.6,12.8,20.2,0,1,8.334246575,1,2.512328767,0,,
244,244.2007,8,2007,8_2007,6/10/2007,161,731000,4074000,0.5,0.5,0.4,0.5,0,1,30,1,270,13.1,6.1,3.9,16,6,1843,356,134,28,70.34,22.65,2.62,0.93,3.5,0.73,123,16,1.28,3.73,561,59,46,74,19,25,28,66,35,26,217,124,168,24.4,27.8,28.2,20.2,14.6,9.5,4,0.2,2.3,13.6,12.8,20.2,0,1,8.309589041,1,2.501369863,0,,
254,254.2007,9,2007,9_2007,6/18/2007,169,734000,4071000,0.6,0.5,0.6,1,0,0,15,5,122,20.54,7.2,5.21,17,7,3432,336,163,37,83.54,13.63,2.03,0.78,0,1.1,220,59,2.8,3.37,398,59,46,74,19,25,28,66,35,26,217,124,168,24.4,27.8,28.2,20.2,14.6,9.5,4,0.2,2.3,13.6,12.8,20.2,0,0,0,1,2.77260274,0,,
259,259.2007,10,2007,10_2007,6/19/2007,170,734000,4073000,1,0.6,0,0,0,0,5,2,28,22.77,6.2,6.04,11,7,3944,290,213,21,86.61,10.61,2.4,0.4,0,0.71,86,78,1.57,2.55,617,59,46,74,19,25,28,66,35,26,217,124,168,24.4,27.8,28.2,20.2,14.6,9.5,4,0.2,2.3,13.6,12.8,20.2,0,1,3.010958904,1,4.235616438,0,,
303,303.2007,11,2007,11_2007,6/10/2007,161,731000,4082000,0.5,0.4,0.3,1,0,0,10,4,44,12.79,6,4.6,11,7,1953,251,155,19,76.35,16.35,3.11,0.65,3.58,0.7,105,47,1.38,4.14,571,59,46,74,19,25,28,66,35,26,217,124,168,24.4,27.8,28.2,20.2,14.6,9.5,4,0.2,2.3,13.6,12.8,20.2,0,0,0,4,1.161643836,0,,
307,307.2007,12,2007,12_2007,6/9/2007,160,731000,4079000,0.7,0.5,0.3,0.5,0,0.5,15,3,270,11.85,6,4.18,12,6,1704,351,101,34,71.9,24.68,2.19,1.25,0,0.79,219,35,1.55,2.54,538,59,46,74,19,25,28,66,35,26,217,124,168,24.4,27.8,28.2,20.2,14.6,9.5,4,0.2,2.3,13.6,12.8,20.2,0,1,5.476712329,1,2.769863014,0,,
308,308.2007,13,2007,13_2007,6/17/2007,168,730000,4086000,0.5,1.1,0.5,1,0,0,20,7,126,25.14,6.5,8.09,14,7,4140,451,214,30,82.34,14.95,2.18,0.52,0,0.95,109,45,2.69,4.38,479,59,46,74,19,25,28,66,35,26,217,124,168,24.4,27.8,28.2,20.2,14.6,9.5,4,0.2,2.3,13.6,12.8,20.2,0,0,0,4,1.230136986,0,,
309,309.2007,14,2007,14_2007,6/9/2007,160,731000,4086000,0.5,0.5,0.3,0.5,0,20,25,8,120,12.46,5.6,3.91,15,6,1505,331,104,53,60.39,22.14,2.14,1.85,13.45,0.64,216,13,1.49,1.78,732,59,46,74,19,25,28,66,35,26,217,124,168,24.4,27.8,28.2,20.2,14.6,9.5,4,0.2,2.3,13.6,12.8,20.2,0,0,0,4,1.208219178,0,,
317,317.2007,15,2007,15_2007,6/18/2007,169,733000,4079000,0.6,0.6,0.5,4,0,4,15,5,125,18.07,6.8,5.21,17,4,3006,309,115,38,83.18,14.25,1.63,0.91,0,0.9,190,36,1.72,2.25,425,59,46,74,19,25,28,66,35,26,217,124,168,24.4,27.8,28.2,20.2,14.6,9.5,4,0.2,2.3,13.6,12.8,20.2,0,1,5.501369863,1,3.276712329,0,,
319,319.2007,16,2007,16_2007,6/18/2007,169,734000,4079000,0.7,0.7,0,0,0,0,10,1,160,21.64,6.3,5.41,15,8,3635,338,209,26,83.99,13.02,2.48,0.52,0,0.68,94,44,2.17,3.06,447,59,46,74,19,25,28,66,35,26,217,124,168,24.4,27.8,28.2,20.2,14.6,9.5,4,0.2,2.3,13.6,12.8,20.2,0,0,0,1,2.210958904,0,,
331,331.2007,17,2007,17_2007,6/20/2007,171,738000,4069000,0.4,0.5,0.8,4,0,5,10,2,300,6.37,6,2.06,15,17,980,117,151,25,76.92,15.31,6.08,1.71,0,0.39,196,26,1.05,5.03,456,59,46,74,19,25,28,66,35,26,217,124,168,24.4,27.8,28.2,20.2,14.6,9.5,4,0.2,2.3,13.6,12.8,20.2,0,0,0,1,2.216438356,0,,
343,343.2007,18,2007,18_2007,6/10/2007,161,734000,4083000,0.6,0.5,0.6,2,0,0,15,2,43,12.61,6,4.56,15,5,1838,346,167,25,72.88,22.87,3.4,0.86,0,0.77,229,38,1.55,3.71,511,59,46,74,19,25,28,66,35,26,217,124,168,24.4,27.8,28.2,20.2,14.6,9.5,4,0.2,2.3,13.6,12.8,20.2,0,0,0,0,9.22739726,0,,
346,346.2007,19,2007,19_2007,6/19/2007,170,734000,4074000,0.8,0.6,0.5,1,0,10,20,5,310,18.64,6.1,5.65,15,5,2798,431,178,34,75.05,19.27,2.45,0.79,2.46,0.68,159,13,1.96,2.48,532,59,46,74,19,25,28,66,35,26,217,124,168,24.4,27.8,28.2,20.2,14.6,9.5,4,0.2,2.3,13.6,12.8,20.2,0,1,3.010958904,2,2.512328767,0,,
350,350.2007,20,2007,20_2007,6/9/2007,160,733000,4081000,0.5,0.3,0.3,1,0,0.5,25,2,190,17.21,6.1,5.18,14,7,2488,434,107,97,72.28,21.01,1.59,2.45,2.66,0.77,172,31,1.94,3.42,514,59,46,74,19,25,28,66,35,26,217,124,168,24.4,27.8,28.2,20.2,14.6,9.5,4,0.2,2.3,13.6,12.8,20.2,0,1,5.476712329,1,3.252054795,0,,
205,205.2008,1,2008,1_2008,6/11/2008,163,727000,4080000,0.7,1,0.5,0.5,0,0,25,3,298,22.65,7.1,5.45,10,11,3560,489,241,37,78.59,17.99,2.73,0.71,0,1.05,158,61,4.19,2.92,616,238,78,32,90,167,7,36,16,51,108,103,170,23.2,25.5,27.2,22.2,16.3,9.3,1.2,1.6,1.8,8.6,13.2,19.4,1,1,14.65753425,1,0.750684932,1,9/11/2007,254
206,206.2008,2,2008,2_2008,6/16/2008,168,730000,4076000,0.6,0.6,0.5,1,0,0,5,1,296,15.58,6,4.3,9,4,2510,312,106,36,80.55,16.69,1.74,1,0,1.16,136,54,1.68,3.31,453,238,78,32,90,167,7,36,16,51,108,103,170,23.2,25.5,27.2,22.2,16.3,9.3,1.2,1.6,1.8,8.6,13.2,19.4,1,1,12.07945205,1,1.208219178,0,,
208,208.2008,3,2008,3_2008,6/12/2008,164,728000,4078000,1,0.5,0.5,1,0,0.5,15,5,209,21.71,7.5,6.1,10,4,3181,500,206,255,73.26,19.19,2.43,5.11,0,1.49,109,81,2.72,2.4,481,238,78,32,90,167,7,36,16,51,108,103,170,23.2,25.5,27.2,22.2,16.3,9.3,1.2,1.6,1.8,8.6,13.2,19.4,1,1,14.66027397,1,3.509589041,0,,
220,220.2008,4,2008,4_2008,6/11/2008,163,728000,4080000,0.8,0.8,0.3,1,0,0,3,4,110,18.6,7.4,5.68,11,4,3030,345,141,49,81.45,15.46,1.94,1.15,0,1.1,187,67,2.82,2.95,430,238,78,32,90,167,7,36,16,51,108,103,170,23.2,25.5,27.2,22.2,16.3,9.3,1.2,1.6,1.8,8.6,13.2,19.4,1,1,14.65753425,2,1.257534247,0,,
222,222.2008,5,2008,5_2008,6/12/2008,164,729000,4077000,0.8,0.7,0.5,1,0,0,4,2,46,14.4,6.3,5.01,9,5,2248,299,217,25,78.06,17.3,3.86,0.75,0,0.88,137,57,2.31,3.58,519,238,78,32,90,167,7,36,16,51,108,103,170,23.2,25.5,27.2,22.2,16.3,9.3,1.2,1.6,1.8,8.6,13.2,19.4,1,1,12.06849315,1,2.219178082,0,,
226,226.2008,6,2008,6_2008,6/12/2008,164,729000,4078000,0.8,0.7,0.6,5,0,0,5,4,222,16.75,6,4.36,9,5,2246,409,112,35,67.04,20.35,1.71,0.91,10.01,0.85,229,29,2.28,3.08,658,238,78,32,90,167,7,36,16,51,108,103,170,23.2,25.5,27.2,22.2,16.3,9.3,1.2,1.6,1.8,8.6,13.2,19.4,1,1,12.29589041,1,2.219178082,0,,
238,238.2008,7,2008,7_2008,6/17/2008,169,732000,4075000,0.5,0.5,0.3,0.5,0,2,3,5,35,9.93,6.2,4.21,8,4,1628,178,87,19,81.97,14.94,2.25,0.83,0,0.7,231,25,1.44,2.72,479,238,78,32,90,167,7,36,16,51,108,103,170,23.2,25.5,27.2,22.2,16.3,9.3,1.2,1.6,1.8,8.6,13.2,19.4,0,1,9.331506849,1,3.509589041,0,,
244,244.2008,8,2008,8_2008,6/18/2008,170,731000,4074000,0.6,0.7,0.3,0.5,0,2,15,1,270,13.05,6.5,3.36,10,3,2012,307,123,27,77.09,19.6,2.42,0.9,0,0.76,122,22,1.28,2.23,532,238,78,32,90,167,7,36,16,51,108,103,170,23.2,25.5,27.2,22.2,16.3,9.3,1.2,1.6,1.8,8.6,13.2,19.4,0,1,9.334246575,1,3.526027397,0,,
254,254.2008,9,2008,9_2008,6/17/2008,169,734000,4071000,1,0.7,0.6,0.5,0,0,2,5,122,19.24,7.3,4.8,13,5,3256,278,178,42,84.62,12.04,2.37,0.95,0,1.24,256,58,2.95,3.08,394,238,78,32,90,167,7,36,16,51,108,103,170,23.2,25.5,27.2,22.2,16.3,9.3,1.2,1.6,1.8,8.6,13.2,19.4,0,0,0.084931507,2,0.2,1,4/5/2008,96
259,259.2008,10,2008,10_2008,6/21/2008,173,734000,4073000,0.6,0.5,0,0,0,1,30,2,28,23.1,6.3,5.47,10,5,3684,270,245,30,79.74,9.74,2.72,0.56,7.26,1,89,87,2.11,2.3,656,238,78,32,90,167,7,36,16,51,108,103,170,23.2,25.5,27.2,22.2,16.3,9.3,1.2,1.6,1.8,8.6,13.2,19.4,0,1,4.019178082,1,0.210958904,1,4/5/2008,96
303,303.2008,11,2008,11_2008,6/11/2008,163,731000,4082000,0.4,0.5,0.3,1,0,0,20,4,44,12.16,6.1,3.92,9,5,1668,196,166,20,68.59,13.43,3.5,0.72,13.78,0.72,108,42,1.39,3.05,598,238,78,32,90,167,7,36,16,51,108,103,170,23.2,25.5,27.2,22.2,16.3,9.3,1.2,1.6,1.8,8.6,13.2,19.4,0,0,0,4,0.254794521,1,3/10/2008,70
307,307.2008,12,2008,12_2008,6/20/2008,172,731000,4079000,0.7,0.5,0.1,0.5,0,0,5,3,270,11.43,6.1,3.73,9,3,1663,310,148,34,72.75,22.6,3.32,1.29,0,0.89,234,34,1.53,2.08,548,238,78,32,90,167,7,36,16,51,108,103,170,23.2,25.5,27.2,22.2,16.3,9.3,1.2,1.6,1.8,8.6,13.2,19.4,0,1,6.509589041,1,3.802739726,0,,
308,308.2008,13,2008,13_2008,6/20/2008,172,730000,4086000,0.6,0.8,0.6,1,0,0,2,7,126,27.1,6.6,7.05,9,5,4228,423,245,29,78.01,13.01,2.32,0.47,6.18,1.12,142,57,3.39,3.51,592,238,78,32,90,167,7,36,16,51,108,103,170,23.2,25.5,27.2,22.2,16.3,9.3,1.2,1.6,1.8,8.6,13.2,19.4,0,0,0,4,0.235616438,1,3/26/2008,86
309,309.2008,14,2008,14_2008,6/21/2008,173,731000,4086000,0.7,0.8,0.1,0.01,0,10,10,8,120,12.97,5.8,3.77,10,3,1403,301,98,69,54.09,19.34,1.94,2.31,22.31,0.78,259,14,1.69,1.7,792,238,78,32,90,167,7,36,16,51,108,103,170,23.2,25.5,27.2,22.2,16.3,9.3,1.2,1.6,1.8,8.6,13.2,19.4,0,0,0,4,0.238356164,1,3/26/2008,86
317,317.2008,15,2008,15_2008,6/10/2008,162,733000,4079000,0.8,0.5,0.5,1,0,0.5,2,5,125,18.45,6.8,4.29,9,3,3132,285,110,31,84.88,12.87,1.53,0.73,0,1.14,201,47,2.01,1.75,528,238,78,32,90,167,7,36,16,51,108,103,170,23.2,25.5,27.2,22.2,16.3,9.3,1.2,1.6,1.8,8.6,13.2,19.4,0,1,6.482191781,1,4.257534247,0,,
319,319.2008,16,2008,16_2008,6/10/2008,162,734000,4079000,0.7,0.6,0,0,0,0,4,1,160,19.47,6.4,5.27,9,6,3304,275,223,21,84.85,11.77,2.94,0.47,0,0.94,99,58,2.11,2.99,460,238,78,32,90,167,7,36,16,51,108,103,170,23.2,25.5,27.2,22.2,16.3,9.3,1.2,1.6,1.8,8.6,13.2,19.4,0,0,0,1,3.191780822,0,,
331,331.2008,17,2008,17_2008,6/18/2008,170,738000,4069000,0.6,0.5,0.8,10,0,5,20,2,300,4.86,6.1,1.91,9,11,769,81,89,25,79.12,13.89,4.7,2.24,0,0.82,258,34,0.94,4.68,427,238,78,32,90,167,7,36,16,51,108,103,170,23.2,25.5,27.2,22.2,16.3,9.3,1.2,1.6,1.8,8.6,13.2,19.4,0,0,0,2,0.197260274,1,4/7/2008,98
343,343.2008,18,2008,18_2008,6/17/2008,169,734000,4083000,1,0.6,0.6,2,0,0,5,2,43,11.37,6,4.21,9,4,1621,277,142,32,71.28,20.3,3.2,1.22,4.03,0.97,229,37,1.6,3.17,547,238,78,32,90,167,7,36,16,51,108,103,170,23.2,25.5,27.2,22.2,16.3,9.3,1.2,1.6,1.8,8.6,13.2,19.4,0,0,0,0,10.24931507,0,,
346,346.2008,19,2008,19_2008,6/21/2008,173,734000,4074000,0.5,0.7,0.4,0.5,0,2,10,5,310,16.6,6.2,5,9,4,2503,355,199,36,75.39,17.82,3.07,0.94,2.76,0.97,180,12,1.95,2,560,238,78,32,90,167,7,36,16,51,108,103,170,23.2,25.5,27.2,22.2,16.3,9.3,1.2,1.6,1.8,8.6,13.2,19.4,0,1,4.019178082,1,3.520547945,0,,
350,350.2008,20,2008,20_2008,6/21/2008,173,733000,4081000,0.5,0.7,0.4,0.5,0,2,10,2,190,15.94,6.1,4.66,10,5,2141,344,126,86,67.16,17.98,2.03,2.35,10.51,0.74,200,37,2.17,3.21,536,238,78,32,90,167,7,36,16,51,108,103,170,23.2,25.5,27.2,22.2,16.3,9.3,1.2,1.6,1.8,8.6,13.2,19.4,0,1,6.512328767,2,0.271232877,1,3/14/2008,74
205,205.2009,1,2009,1_2009,6/17/2009,168,727000,4080000,0.6,1,0.5,0.5,0,0,2,3,298,22.04,7.1,6.03,9,7,3477,473,202,46,78.88,17.88,2.35,0.91,0,1.05,140,70,2.79,2.93,671,261,91,87,29,84,29,34,2,51,112,174,66,23.9,25.9,24.2,19.7,14.3,8.1,1.4,0.3,6.2,9.7,13.7,18.2,1,1,15.6739726,1,1.767123288,0,,
206,206.2009,2,2009,2_2009,6/17/2009,168,730000,4076000,0.6,0.5,0.4,1,0,0,2,1,296,15.82,6.8,4.49,9,5,2544,308,123,51,80.4,16.22,1.99,1.4,0,0.8,169,62,1.87,3.29,546,261,91,87,29,84,29,34,2,51,112,174,66,23.9,25.9,24.2,19.7,14.3,8.1,1.4,0.3,6.2,9.7,13.7,18.2,1,1,13.08219178,1,2.210958904,0,,
208,208.2009,3,2009,3_2009,6/24/2009,175,728000,4078000,1.2,0.6,0.5,0.5,0,2,1,5,209,21.41,7.6,6.13,9,5,3155,474,164,291,73.68,18.45,1.96,5.91,0,1.46,108,73,2.36,1.81,436,261,91,87,29,84,29,34,2,51,112,174,66,23.9,25.9,24.2,19.7,14.3,8.1,1.4,0.3,6.2,9.7,13.7,18.2,1,1,15.69315068,1,4.542465753,0,,
220,220.2009,4,2009,4_2009,6/25/2009,176,728000,4080000,0.8,0.8,0.5,1,0,0,15,4,110,19.89,7.3,5.23,8,6,3256,376,122,38,81.85,15.75,1.57,0.83,0,1.02,184,64,2.52,2.33,573,261,91,87,29,84,29,34,2,51,112,174,66,23.9,25.9,24.2,19.7,14.3,8.1,1.4,0.3,6.2,9.7,13.7,18.2,1,1,15.69589041,2,0.22739726,1,4/3/2009,93
222,222.2009,5,2009,5_2009,6/24/2009,175,729000,4077000,0.7,0.6,0.4,1,0,0,2,2,46,13.94,6.3,4.98,8,6,2224,276,169,20,79.77,16.5,3.11,0.62,0,0.75,155,61,2.06,2.86,635,261,91,87,29,84,29,34,2,51,112,174,66,23.9,25.9,24.2,19.7,14.3,8.1,1.4,0.3,6.2,9.7,13.7,18.2,1,1,13.10136986,1,3.252054795,0,,
226,226.2009,6,2009,6_2009,6/4/2009,155,729000,4078000,0.4,0.5,0.5,15,0,0,25,4,222,15.14,6,5.16,9,6,2190,395,120,31,72.32,21.74,2.03,0.89,3.03,0.69,258,35,2.07,3.83,701,261,91,87,29,84,29,34,2,51,112,174,66,23.9,25.9,24.2,19.7,14.3,8.1,1.4,0.3,6.2,9.7,13.7,18.2,1,1,13.2739726,2,0.147945205,1,4/11/2009,101
238,238.2009,7,2009,7_2009,6/11/2009,162,732000,4075000,0.6,0.4,0.2,0.5,0,5,2,5,35,9.86,6.2,3.23,7,5,1642,165,77,17,83.27,13.95,2,0.75,0,0.61,195,19,1.32,1.71,687,261,91,87,29,84,29,34,2,51,112,174,66,23.9,25.9,24.2,19.7,14.3,8.1,1.4,0.3,6.2,9.7,13.7,18.2,0,1,10.31506849,1,4.493150685,0,,
244,244.2009,8,2009,8_2009,6/5/2009,156,731000,4074000,0.5,0.6,0.2,0.5,0,0.5,20,1,270,12.31,6.2,3.66,9,6,1833,313,178,19,74.45,21.19,3.71,0.67,0,0.72,168,24,1.38,2.96,681,261,91,87,29,84,29,34,2,51,112,174,66,23.9,25.9,24.2,19.7,14.3,8.1,1.4,0.3,6.2,9.7,13.7,18.2,0,1,10.29863014,1,4.490410959,0,,
254,254.2009,9,2009,9_2009,6/11/2009,162,734000,4071000,1,6,0.4,0.5,0,0,5,5,122,18.56,7.2,4.39,10,4,3137,279,167,27,84.51,12.53,2.31,0.63,0,1.11,318,73,2.89,2.64,494,261,91,87,29,84,29,34,2,51,112,174,66,23.9,25.9,24.2,19.7,14.3,8.1,1.4,0.3,6.2,9.7,13.7,18.2,0,1,1.068493151,2,1.183561644,0,,
259,259.2009,10,2009,10_2009,6/5/2009,156,734000,4073000,0.6,0.6,0,0,0,0,15,2,28,20.57,6.1,5.92,7,6,3507,240,201,15,85.25,9.72,2.51,0.32,2.23,0.64,96,79,1.61,2.26,734,261,91,87,29,84,29,34,2,51,112,174,66,23.9,25.9,24.2,19.7,14.3,8.1,1.4,0.3,6.2,9.7,13.7,18.2,0,1,4.975342466,1,1.167123288,0,,
303,303.2009,11,2009,11_2009,6/6/2009,157,731000,4082000,0.6,0.5,0.3,0.5,0,0.5,15,4,44,10.4,6,3.98,7,6,1593,191,125,15,76.59,15.3,3.08,0.63,4.4,0.55,133,45,1.46,2.6,695,261,91,87,29,84,29,34,2,51,112,174,66,23.9,25.9,24.2,19.7,14.3,8.1,1.4,0.3,6.2,9.7,13.7,18.2,0,0,0,3,1.24109589,0,,
307,307.2009,12,2009,12_2009,6/24/2009,175,731000,4079000,0.5,0.5,0,0,0,0,10,3,270,10.94,6.1,3.54,10,6,1569,311,111,51,71.71,23.69,2.6,2.03,0,0.67,278,36,1.43,2.08,754,261,91,87,29,84,29,34,2,51,112,174,66,23.9,25.9,24.2,19.7,14.3,8.1,1.4,0.3,6.2,9.7,13.7,18.2,0,1,7.520547945,2,0.460273973,1,1/7/2009,7
308,308.2009,13,2009,13_2009,6/6/2009,157,730000,4086000,0.4,0.8,0.5,2,0,0.5,50,7,126,22.71,6.5,7.63,9,6,3720,365,196,25,81.9,13.39,2.21,0.48,2.02,0.99,150,51,2.93,3.33,643,261,91,87,29,84,29,34,2,51,112,174,66,23.9,25.9,24.2,19.7,14.3,8.1,1.4,0.3,6.2,9.7,13.7,18.2,0,0,0,4,0.2,1,3/25/2009,84
309,309.2009,14,2009,14_2009,6/6/2009,157,731000,4086000,0.4,0.6,0.1,0.5,0,5,20,8,120,12.19,5.7,4.02,10,7,1311,271,103,50,53.77,18.53,2.17,1.78,23.74,0.56,288,15,1.64,1.71,845,261,91,87,29,84,29,34,2,51,112,174,66,23.9,25.9,24.2,19.7,14.3,8.1,1.4,0.3,6.2,9.7,13.7,18.2,0,0,0,4,0.2,1,3/25/2009,84
317,317.2009,15,2009,15_2009,6/25/2009,176,733000,4079000,0.6,1,0.5,0.5,0,0.5,4,5,125,16.86,6.9,5.09,9,4,2878,252,99,26,85.35,12.46,1.51,0.67,0,0.93,273,52,1.72,2.27,530,261,91,87,29,84,29,34,2,51,112,174,66,23.9,25.9,24.2,19.7,14.3,8.1,1.4,0.3,6.2,9.7,13.7,18.2,0,1,7.523287671,1,0.463013699,1,1/7/2009,7
319,319.2009,16,2009,16_2009,6/25/2009,176,734000,4079000,0.6,0.8,0,0,0,0,25,1,160,20.01,6.3,5.08,8,9,3407,283,205,22,85.13,11.79,2.63,0.48,0,1.01,123,57,2.3,2.9,601,261,91,87,29,84,29,34,2,51,112,174,66,23.9,25.9,24.2,19.7,14.3,8.1,1.4,0.3,6.2,9.7,13.7,18.2,0,0,0,2,0.21369863,1,4/8/2009,98
331,331.2009,17,2009,17_2009,6/5/2009,156,738000,4069000,0.5,0.5,0.5,10,0,0.5,15,2,300,5.35,6.2,1.14,8,17,851,75,129,33,79.53,11.68,6.18,2.68,0,0.38,229,36,0.98,4.47,507,261,91,87,29,84,29,34,2,51,112,174,66,23.9,25.9,24.2,19.7,14.3,8.1,1.4,0.3,6.2,9.7,13.7,18.2,0,0,0,3,0.150684932,1,4/11/2009,101
343,343.2009,18,2009,18_2009,6/6/2009,157,734000,4083000,0.6,0.5,0.5,2,0,0,15,2,43,11.05,6,3.67,9,6,1593,268,119,20,72.08,20.21,2.76,0.79,4.14,0.71,257,41,1.47,2.84,640,261,91,87,29,84,29,34,2,51,112,174,66,23.9,25.9,24.2,19.7,14.3,8.1,1.4,0.3,6.2,9.7,13.7,18.2,0,0,0,0,11.21917808,0,,
346,346.2009,19,2009,19_2009,6/5/2009,156,734000,4074000,0.4,0.5,0.4,0.5,0,1,50,5,310,14.59,6.2,5.19,8,6,2300,307,166,24,78.82,17.53,2.92,0.72,0,0.85,213,15,1.8,2.2,606,261,91,87,29,84,29,34,2,51,112,174,66,23.9,25.9,24.2,19.7,14.3,8.1,1.4,0.3,6.2,9.7,13.7,18.2,0,1,4.975342466,2,0.405479452,1,1/8/2009,8
350,350.2009,20,2009,20_2009,6/4/2009,155,733000,4081000,0.5,0.4,0.3,0.5,0,0,10,2,190,15.52,6,4.41,8,7,2100,324,105,87,67.65,17.4,1.73,2.44,10.8,0.71,252,38,2.25,2.61,646,261,91,87,29,84,29,34,2,51,112,174,66,23.9,25.9,24.2,19.7,14.3,8.1,1.4,0.3,6.2,9.7,13.7,18.2,0,1,7.465753425,1,1.224657534,0,,
